
INSERT INTO geometadata (id, colors, faces, formatVersion, generatedBy, materials, normals, sourceFile, uvs, vertices) VALUES 
	(114, 0, 0, 3.1, 'WorldEditor', 0, 0, '', 0, 0);

INSERT INTO geometry (id, cdate, udate, version, animation, bones, colors, faces, morphColors, morphTargets, normals, scale, skinIndices, skinWeights, type, uvs, vertices, metadata_id) VALUES
	(114, '2013-06-16 04:49:21', '2013-06-16 04:49:21', 3, NULL, NULL, '[]', '[11,0,51,52,1,0,0,1,0,0.9666666666666667,11,1,52,53,2,0,0,1,0,0.9666666666666667,11,2,53,54,3,0,0,1,0,0.9666666666666667,11,3,54,55,4,0,0,1,0,0.9666666666666667,11,4,55,56,5,0,0,1,0,0.9666666666666667,11,5,56,57,6,0,0,1,0,0.9666666666666667,11,6,57,58,7,0,0,1,0,0.9666666666666667,11,7,58,59,8,0,0,1,0,0.9666666666666667,11,8,59,60,9,0,0,1,0,0.9666666666666667,11,9,60,61,10,0,0,1,0,0.9666666666666667,11,10,61,62,11,0,0,1,0,0.9666666666666667,11,11,62,63,12,0,0,1,0,0.9666666666666667,11,12,63,64,13,0,0,1,0,0.9666666666666667,11,13,64,65,14,0,0,1,0,0.9666666666666667,11,14,65,66,15,0,0,1,0,0.9666666666666667,11,15,66,67,16,0,0,1,0,0.9666666666666667,11,16,67,68,17,0,0,1,0,0.9666666666666667,11,17,68,69,18,0,0,1,0,0.9666666666666667,11,18,69,70,19,0,0,1,0,0.9666666666666667,11,19,70,71,20,0,0,1,0,0.9666666666666667,11,20,71,72,21,0,0,1,0,0.9666666666666667,11,21,72,73,22,0,0,1,0,0.9666666666666667,11,22,73,74,23,0,0,1,0,0.9666666666666667,11,23,74,75,24,0,0,1,0,0.9666666666666667,11,24,75,76,25,0,0,1,0,0.9666666666666667,11,25,76,77,26,0,0,1,0,0.9666666666666667,11,26,77,78,27,0,0,1,0,0.9666666666666667,11,27,78,79,28,0,0,1,0,0.9666666666666667,11,28,79,80,29,0,0,1,0,0.9666666666666667,11,29,80,81,30,0,0,1,0,0.9666666666666667,11,30,81,82,31,0,0,1,0,0.9666666666666667,11,31,82,83,32,0,0,1,0,0.9666666666666667,11,32,83,84,33,0,0,1,0,0.9666666666666667,11,33,84,85,34,0,0,1,0,0.9666666666666667,11,34,85,86,35,0,0,1,0,0.9666666666666667,11,35,86,87,36,0,0,1,0,0.9666666666666667,11,36,87,88,37,0,0,1,0,0.9666666666666667,11,37,88,89,38,0,0,1,0,0.9666666666666667,11,38,89,90,39,0,0,1,0,0.9666666666666667,11,39,90,91,40,0,0,1,0,0.9666666666666667,11,40,91,92,41,0,0,1,0,0.9666666666666667,11,41,92,93,42,0,0,1,0,0.9666666666666667,11,42,93,94,43,0,0,1,0,0.9666666666666667,11,43,94,95,44,0,0,1,0,0.9666666666666667,11,44,95,96,45,0,0,1,0,0.9666666666666667,11,45,96,97,46,0,0,1,0,0.9666666666666667,11,46,97,98,47,0,0,1,0,0.9666666666666667,11,47,98,99,48,0,0,1,0,0.9666666666666667,11,48,99,100,49,0,0,1,0,0.9666666666666667,11,49,100,101,50,0,0,1,0,0.9666666666666667,11,51,102,103,52,0,0,1,0,0.9666666666666667,11,52,103,104,53,0,0,1,0,0.9666666666666667,11,53,104,105,54,0,0,1,0,0.9666666666666667,11,54,105,106,55,0,0,1,0,0.9666666666666667,11,55,106,107,56,0,0,1,0,0.9666666666666667,11,56,107,108,57,0,0,1,0,0.9666666666666667,11,57,108,109,58,0,0,1,0,0.9666666666666667,11,58,109,110,59,0,0,1,0,0.9666666666666667,11,59,110,111,60,0,0,1,0,0.9666666666666667,11,60,111,112,61,0,0,1,0,0.9666666666666667,11,61,112,113,62,0,0,1,0,0.9666666666666667,11,62,113,114,63,0,0,1,0,0.9666666666666667,11,63,114,115,64,0,0,1,0,0.9666666666666667,11,64,115,116,65,0,0,1,0,0.9666666666666667,11,65,116,117,66,0,0,1,0,0.9666666666666667,11,66,117,118,67,0,0,1,0,0.9666666666666667,11,67,118,119,68,0,0,1,0,0.9666666666666667,11,68,119,120,69,0,0,1,0,0.9666666666666667,11,69,120,121,70,0,0,1,0,0.9666666666666667,11,70,121,122,71,0,0,1,0,0.9666666666666667,11,71,122,123,72,0,0,1,0,0.9666666666666667,11,72,123,124,73,0,0,1,0,0.9666666666666667,11,73,124,125,74,0,0,1,0,0.9666666666666667,11,74,125,126,75,0,0,1,0,0.9666666666666667,11,75,126,127,76,0,0,1,0,0.9666666666666667,11,76,127,128,77,0,0,1,0,0.9666666666666667,11,77,128,129,78,0,0,1,0,0.9666666666666667,11,78,129,130,79,0,0,1,0,0.9666666666666667,11,79,130,131,80,0,0,1,0,0.9666666666666667,11,80,131,132,81,0,0,1,0,0.9666666666666667,11,81,132,133,82,0,0,1,0,0.9666666666666667,11,82,133,134,83,0,0,1,0,0.9666666666666667,11,83,134,135,84,0,0,1,0,0.9666666666666667,11,84,135,136,85,0,0,1,0,0.9666666666666667,11,85,136,137,86,0,0,1,0,0.9666666666666667,11,86,137,138,87,0,0,1,0,0.9666666666666667,11,87,138,139,88,0,0,1,0,0.9666666666666667,11,88,139,140,89,0,0,1,0,0.9666666666666667,11,89,140,141,90,0,0,1,0,0.9666666666666667,11,90,141,142,91,0,0,1,0,0.9666666666666667,11,91,142,143,92,0,0,1,0,0.9666666666666667,11,92,143,144,93,0,0,1,0,0.9666666666666667,11,93,144,145,94,0,0,1,0,0.9666666666666667,11,94,145,146,95,0,0,1,0,0.9666666666666667,11,95,146,147,96,0,0,1,0,0.9666666666666667,11,96,147,148,97,0,0,1,0,0.9666666666666667,11,97,148,149,98,0,0,1,0,0.9666666666666667,11,98,149,150,99,0,0,1,0,0.9666666666666667,11,99,150,151,100,0,0,1,0,0.9666666666666667,11,100,151,152,101,0,0,1,0,0.9666666666666667,11,102,153,154,103,0,0,1,0,0.9666666666666667,11,103,154,155,104,0,0,1,0,0.9666666666666667,11,104,155,156,105,0,0,1,0,0.9666666666666667,11,105,156,157,106,0,0,1,0,0.9666666666666667,11,106,157,158,107,0,0,1,0,0.9666666666666667,11,107,158,159,108,0,0,1,0,0.9666666666666667,11,108,159,160,109,0,0,1,0,0.9666666666666667,11,109,160,161,110,0,0,1,0,0.9666666666666667,11,110,161,162,111,0,0,1,0,0.9666666666666667,11,111,162,163,112,0,0,1,0,0.9666666666666667,11,112,163,164,113,0,0,1,0,0.9666666666666667,11,113,164,165,114,0,0,1,0,0.9666666666666667,11,114,165,166,115,0,0,1,0,0.9666666666666667,11,115,166,167,116,0,0,1,0,0.9666666666666667,11,116,167,168,117,0,0,1,0,0.9666666666666667,11,117,168,169,118,0,0,1,0,0.9666666666666667,11,118,169,170,119,0,0,1,0,0.9666666666666667,11,119,170,171,120,0,0,1,0,0.9666666666666667,11,120,171,172,121,0,0,1,0,0.9666666666666667,11,121,172,173,122,0,0,1,0,0.9666666666666667,11,122,173,174,123,0,0,1,0,0.9666666666666667,11,123,174,175,124,0,0,1,0,0.9666666666666667,11,124,175,176,125,0,0,1,0,0.9666666666666667,11,125,176,177,126,0,0,1,0,0.9666666666666667,11,126,177,178,127,0,0,1,0,0.9666666666666667,11,127,178,179,128,0,0,1,0,0.9666666666666667,11,128,179,180,129,0,0,1,0,0.9666666666666667,11,129,180,181,130,0,0,1,0,0.9666666666666667,11,130,181,182,131,0,0,1,0,0.9666666666666667,11,131,182,183,132,0,0,1,0,0.9666666666666667,11,132,183,184,133,0,0,1,0,0.9666666666666667,11,133,184,185,134,0,0,1,0,0.9666666666666667,11,134,185,186,135,0,0,1,0,0.9666666666666667,11,135,186,187,136,0,0,1,0,0.9666666666666667,11,136,187,188,137,0,0,1,0,0.9666666666666667,11,137,188,189,138,0,0,1,0,0.9666666666666667,11,138,189,190,139,0,0,1,0,0.9666666666666667,11,139,190,191,140,0,0,1,0,0.9666666666666667,11,140,191,192,141,0,0,1,0,0.9666666666666667,11,141,192,193,142,0,0,1,0,0.9666666666666667,11,142,193,194,143,0,0,1,0,0.9666666666666667,11,143,194,195,144,0,0,1,0,0.9666666666666667,11,144,195,196,145,0,0,1,0,0.9666666666666667,11,145,196,197,146,0,0,1,0,0.9666666666666667,11,146,197,198,147,0,0,1,0,0.9666666666666667,11,147,198,199,148,0,0,1,0,0.9666666666666667,11,148,199,200,149,0,0,1,0,0.9666666666666667,11,149,200,201,150,0,0,1,0,0.9666666666666667,11,150,201,202,151,0,0,1,0,0.9666666666666667,11,151,202,203,152,0,0,1,0,0.9666666666666667,11,153,204,205,154,0,0,1,0,0.9666666666666667,11,154,205,206,155,0,0,1,0,0.9666666666666667,11,155,206,207,156,0,0,1,0,0.9666666666666667,11,156,207,208,157,0,0,1,0,0.9666666666666667,11,157,208,209,158,0,0,1,0,0.9666666666666667,11,158,209,210,159,0,0,1,0,0.9666666666666667,11,159,210,211,160,0,0,1,0,0.9666666666666667,11,160,211,212,161,0,0,1,0,0.9666666666666667,11,161,212,213,162,0,0,1,0,0.9666666666666667,11,162,213,214,163,0,0,1,0,0.9666666666666667,11,163,214,215,164,0,0,1,0,0.9666666666666667,11,164,215,216,165,0,0,1,0,0.9666666666666667,11,165,216,217,166,0,0,1,0,0.9666666666666667,11,166,217,218,167,0,0,1,0,0.9666666666666667,11,167,218,219,168,0,0,1,0,0.9666666666666667,11,168,219,220,169,0,0,1,0,0.9666666666666667,11,169,220,221,170,0,0,1,0,0.9666666666666667,11,170,221,222,171,0,0,1,0,0.9666666666666667,11,171,222,223,172,0,0,1,0,0.9666666666666667,11,172,223,224,173,0,0,1,0,0.9666666666666667,11,173,224,225,174,0,0,1,0,0.9666666666666667,11,174,225,226,175,0,0,1,0,0.9666666666666667,11,175,226,227,176,0,0,1,0,0.9666666666666667,11,176,227,228,177,0,0,1,0,0.9666666666666667,11,177,228,229,178,0,0,1,0,0.9666666666666667,11,178,229,230,179,0,0,1,0,0.9666666666666667,11,179,230,231,180,0,0,1,0,0.9666666666666667,11,180,231,232,181,0,0,1,0,0.9666666666666667,11,181,232,233,182,0,0,1,0,0.9666666666666667,11,182,233,234,183,0,0,1,0,0.9666666666666667,11,183,234,235,184,0,0,1,0,0.9666666666666667,11,184,235,236,185,0,0,1,0,0.9666666666666667,11,185,236,237,186,0,0,1,0,0.9666666666666667,11,186,237,238,187,0,0,1,0,0.9666666666666667,11,187,238,239,188,0,0,1,0,0.9666666666666667,11,188,239,240,189,0,0,1,0,0.9666666666666667,11,189,240,241,190,0,0,1,0,0.9666666666666667,11,190,241,242,191,0,0,1,0,0.9666666666666667,11,191,242,243,192,0,0,1,0,0.9666666666666667,11,192,243,244,193,0,0,1,0,0.9666666666666667,11,193,244,245,194,0,0,1,0,0.9666666666666667,11,194,245,246,195,0,0,1,0,0.9666666666666667,11,195,246,247,196,0,0,1,0,0.9666666666666667,11,196,247,248,197,0,0,1,0,0.9666666666666667,11,197,248,249,198,0,0,1,0,0.9666666666666667,11,198,249,250,199,0,0,1,0,0.9666666666666667,11,199,250,251,200,0,0,1,0,0.9666666666666667,11,200,251,252,201,0,0,1,0,0.9666666666666667,11,201,252,253,202,0,0,1,0,0.9666666666666667,11,202,253,254,203,0,0,1,0,0.9666666666666667,11,204,255,256,205,0,0,1,0,0.9666666666666667,11,205,256,257,206,0,0,1,0,0.9666666666666667,11,206,257,258,207,0,0,1,0,0.9666666666666667,11,207,258,259,208,0,0,1,0,0.9666666666666667,11,208,259,260,209,0,0,1,0,0.9666666666666667,11,209,260,261,210,0,0,1,0,0.9666666666666667,11,210,261,262,211,0,0,1,0,0.9666666666666667,11,211,262,263,212,0,0,1,0,0.9666666666666667,11,212,263,264,213,0,0,1,0,0.9666666666666667,11,213,264,265,214,0,0,1,0,0.9666666666666667,11,214,265,266,215,0,0,1,0,0.9666666666666667,11,215,266,267,216,0,0,1,0,0.9666666666666667,11,216,267,268,217,0,0,1,0,0.9666666666666667,11,217,268,269,218,0,0,1,0,0.9666666666666667,11,218,269,270,219,0,0,1,0,0.9666666666666667,11,219,270,271,220,0,0,1,0,0.9666666666666667,11,220,271,272,221,0,0,1,0,0.9666666666666667,11,221,272,273,222,0,0,1,0,0.9666666666666667,11,222,273,274,223,0,0,1,0,0.9666666666666667,11,223,274,275,224,0,0,1,0,0.9666666666666667,11,224,275,276,225,0,0,1,0,0.9666666666666667,11,225,276,277,226,0,0,1,0,0.9666666666666667,11,226,277,278,227,0,0,1,0,0.9666666666666667,11,227,278,279,228,0,0,1,0,0.9666666666666667,11,228,279,280,229,0,0,1,0,0.9666666666666667,11,229,280,281,230,0,0,1,0,0.9666666666666667,11,230,281,282,231,0,0,1,0,0.9666666666666667,11,231,282,283,232,0,0,1,0,0.9666666666666667,11,232,283,284,233,0,0,1,0,0.9666666666666667,11,233,284,285,234,0,0,1,0,0.9666666666666667,11,234,285,286,235,0,0,1,0,0.9666666666666667,11,235,286,287,236,0,0,1,0,0.9666666666666667,11,236,287,288,237,0,0,1,0,0.9666666666666667,11,237,288,289,238,0,0,1,0,0.9666666666666667,11,238,289,290,239,0,0,1,0,0.9666666666666667,11,239,290,291,240,0,0,1,0,0.9666666666666667,11,240,291,292,241,0,0,1,0,0.9666666666666667,11,241,292,293,242,0,0,1,0,0.9666666666666667,11,242,293,294,243,0,0,1,0,0.9666666666666667,11,243,294,295,244,0,0,1,0,0.9666666666666667,11,244,295,296,245,0,0,1,0,0.9666666666666667,11,245,296,297,246,0,0,1,0,0.9666666666666667,11,246,297,298,247,0,0,1,0,0.9666666666666667,11,247,298,299,248,0,0,1,0,0.9666666666666667,11,248,299,300,249,0,0,1,0,0.9666666666666667,11,249,300,301,250,0,0,1,0,0.9666666666666667,11,250,301,302,251,0,0,1,0,0.9666666666666667,11,251,302,303,252,0,0,1,0,0.9666666666666667,11,252,303,304,253,0,0,1,0,0.9666666666666667,11,253,304,305,254,0,0,1,0,0.9666666666666667,11,255,306,307,256,0,0,1,0,0.9666666666666667,11,256,307,308,257,0,0,1,0,0.9666666666666667,11,257,308,309,258,0,0,1,0,0.9666666666666667,11,258,309,310,259,0,0,1,0,0.9666666666666667,11,259,310,311,260,0,0,1,0,0.9666666666666667,11,260,311,312,261,0,0,1,0,0.9666666666666667,11,261,312,313,262,0,0,1,0,0.9666666666666667,11,262,313,314,263,0,0,1,0,0.9666666666666667,11,263,314,315,264,0,0,1,0,0.9666666666666667,11,264,315,316,265,0,0,1,0,0.9666666666666667,11,265,316,317,266,0,0,1,0,0.9666666666666667,11,266,317,318,267,0,0,1,0,0.9666666666666667,11,267,318,319,268,0,0,1,0,0.9666666666666667,11,268,319,320,269,0,0,1,0,0.9666666666666667,11,269,320,321,270,0,0,1,0,0.9666666666666667,11,270,321,322,271,0,0,1,0,0.9666666666666667,11,271,322,323,272,0,0,1,0,0.9666666666666667,11,272,323,324,273,0,0,1,0,0.9666666666666667,11,273,324,325,274,0,0,1,0,0.9666666666666667,11,274,325,326,275,0,0,1,0,0.9666666666666667,11,275,326,327,276,0,0,1,0,0.9666666666666667,11,276,327,328,277,0,0,1,0,0.9666666666666667,11,277,328,329,278,0,0,1,0,0.9666666666666667,11,278,329,330,279,0,0,1,0,0.9666666666666667,11,279,330,331,280,0,0,1,0,0.9666666666666667,11,280,331,332,281,0,0,1,0,0.9666666666666667,11,281,332,333,282,0,0,1,0,0.9666666666666667,11,282,333,334,283,0,0,1,0,0.9666666666666667,11,283,334,335,284,0,0,1,0,0.9666666666666667,11,284,335,336,285,0,0,1,0,0.9666666666666667,11,285,336,337,286,0,0,1,0,0.9666666666666667,11,286,337,338,287,0,0,1,0,0.9666666666666667,11,287,338,339,288,0,0,1,0,0.9666666666666667,11,288,339,340,289,0,0,1,0,0.9666666666666667,11,289,340,341,290,0,0,1,0,0.9666666666666667,11,290,341,342,291,0,0,1,0,0.9666666666666667,11,291,342,343,292,0,0,1,0,0.9666666666666667,11,292,343,344,293,0,0,1,0,0.9666666666666667,11,293,344,345,294,0,0,1,0,0.9666666666666667,11,294,345,346,295,0,0,1,0,0.9666666666666667,11,295,346,347,296,0,0,1,0,0.9666666666666667,11,296,347,348,297,0,0,1,0,0.9666666666666667,11,297,348,349,298,0,0,1,0,0.9666666666666667,11,298,349,350,299,0,0,1,0,0.9666666666666667,11,299,350,351,300,0,0,1,0,0.9666666666666667,11,300,351,352,301,0,0,1,0,0.9666666666666667,11,301,352,353,302,0,0,1,0,0.9666666666666667,11,302,353,354,303,0,0,1,0,0.9666666666666667,11,303,354,355,304,0,0,1,0,0.9666666666666667,11,304,355,356,305,0,0,1,0,0.9666666666666667,11,306,357,358,307,0,0,1,0,0.9666666666666667,11,307,358,359,308,0,0,1,0,0.9666666666666667,11,308,359,360,309,0,0,1,0,0.9666666666666667,11,309,360,361,310,0,0,1,0,0.9666666666666667,11,310,361,362,311,0,0,1,0,0.9666666666666667,11,311,362,363,312,0,0,1,0,0.9666666666666667,11,312,363,364,313,0,0,1,0,0.9666666666666667,11,313,364,365,314,0,0,1,0,0.9666666666666667,11,314,365,366,315,0,0,1,0,0.9666666666666667,11,315,366,367,316,0,0,1,0,0.9666666666666667,11,316,367,368,317,0,0,1,0,0.9666666666666667,11,317,368,369,318,0,0,1,0,0.9666666666666667,11,318,369,370,319,1,0,1,0,0.9666666666666667,11,319,370,371,320,1,0,1,0,0.9666666666666667,11,320,371,372,321,1,0,1,0,0.9666666666666667,11,321,372,373,322,1,0,1,0,0.9666666666666667,11,322,373,374,323,1,0,1,0,0.9666666666666667,11,323,374,375,324,1,0,1,0,0.9666666666666667,11,324,375,376,325,1,0,1,0,0.9666666666666667,11,325,376,377,326,1,0,1,0,0.9666666666666667,11,326,377,378,327,1,0,1,0,0.9666666666666667,11,327,378,379,328,1,0,1,0,0.9666666666666667,11,328,379,380,329,1,0,1,0,0.9666666666666667,11,329,380,381,330,1,0,1,0,0.9666666666666667,11,330,381,382,331,1,0,1,0,0.9666666666666667,11,331,382,383,332,1,0,1,0,0.9666666666666667,11,332,383,384,333,1,0,1,0,0.9666666666666667,11,333,384,385,334,1,0,1,0,0.9666666666666667,11,334,385,386,335,1,0,1,0,0.9666666666666667,11,335,386,387,336,1,0,1,0,0.9666666666666667,11,336,387,388,337,1,0,1,0,0.9666666666666667,11,337,388,389,338,1,0,1,0,0.9666666666666667,11,338,389,390,339,1,0,1,0,0.9666666666666667,11,339,390,391,340,1,0,1,0,0.9666666666666667,11,340,391,392,341,1,0,1,0,0.9666666666666667,11,341,392,393,342,1,0,1,0,0.9666666666666667,11,342,393,394,343,1,0,1,0,0.9666666666666667,11,343,394,395,344,1,0,1,0,0.9666666666666667,11,344,395,396,345,0,0,1,0,0.9666666666666667,11,345,396,397,346,0,0,1,0,0.9666666666666667,11,346,397,398,347,0,0,1,0,0.9666666666666667,11,347,398,399,348,0,0,1,0,0.9666666666666667,11,348,399,400,349,0,0,1,0,0.9666666666666667,11,349,400,401,350,0,0,1,0,0.9666666666666667,11,350,401,402,351,0,0,1,0,0.9666666666666667,11,351,402,403,352,0,0,1,0,0.9666666666666667,11,352,403,404,353,0,0,1,0,0.9666666666666667,11,353,404,405,354,0,0,1,0,0.9666666666666667,11,354,405,406,355,0,0,1,0,0.9666666666666667,11,355,406,407,356,0,0,1,0,0.9666666666666667,11,357,408,409,358,0,0,1,0,0.9666666666666667,11,358,409,410,359,0,0,1,0,0.9666666666666667,11,359,410,411,360,0,0,1,0,0.9666666666666667,11,360,411,412,361,0,0,1,0,0.9666666666666667,11,361,412,413,362,0,0,1,0,0.9666666666666667,11,362,413,414,363,0,0,1,0,0.9666666666666667,11,363,414,415,364,0,0,1,0,0.9666666666666667,11,364,415,416,365,0,0,1,0,0.9666666666666667,11,365,416,417,366,0,0,1,0,0.9666666666666667,11,366,417,418,367,0,0,1,0,0.9666666666666667,11,367,418,419,368,0,0,1,0,0.9666666666666667,11,368,419,420,369,1,0,1,0,0.9666666666666667,11,369,420,421,370,1,0,1,0,0.9666666666666667,11,370,421,422,371,1,0,1,0,0.9666666666666667,11,371,422,423,372,1,0,1,0,0.9666666666666667,11,372,423,424,373,1,0,1,0,0.9666666666666667,11,373,424,425,374,1,0,1,0,0.9666666666666667,11,374,425,426,375,1,0,1,0,0.9666666666666667,11,375,426,427,376,1,0,1,0,0.9666666666666667,11,376,427,428,377,1,0,1,0,0.9666666666666667,11,377,428,429,378,1,0,1,0,0.9666666666666667,11,378,429,430,379,1,0,1,0,0.9666666666666667,11,379,430,431,380,1,0,1,0,0.9666666666666667,11,380,431,432,381,1,0,1,0,0.9666666666666667,11,381,432,433,382,1,0,1,0,0.9666666666666667,11,382,433,434,383,1,0,1,0,0.9666666666666667,11,383,434,435,384,1,0,1,0,0.9666666666666667,11,384,435,436,385,1,0,1,0,0.9666666666666667,11,385,436,437,386,1,0,1,0,0.9666666666666667,11,386,437,438,387,1,0,1,0,0.9666666666666667,11,387,438,439,388,1,0,1,0,0.9666666666666667,11,388,439,440,389,1,0,1,0,0.9666666666666667,11,389,440,441,390,1,0,1,0,0.9666666666666667,11,390,441,442,391,1,0,1,0,0.9666666666666667,11,391,442,443,392,1,0,1,0,0.9666666666666667,11,392,443,444,393,1,0,1,0,0.9666666666666667,11,393,444,445,394,1,0,1,0,0.9666666666666667,11,394,445,446,395,1,0,1,0,0.9666666666666667,11,395,446,447,396,1,0,1,0,0.9666666666666667,11,396,447,448,397,0,0,1,0,0.9666666666666667,11,397,448,449,398,0,0,1,0,0.9666666666666667,11,398,449,450,399,0,0,1,0,0.9666666666666667,11,399,450,451,400,0,0,1,0,0.9666666666666667,11,400,451,452,401,0,0,1,0,0.9666666666666667,11,401,452,453,402,0,0,1,0,0.9666666666666667,11,402,453,454,403,0,0,1,0,0.9666666666666667,11,403,454,455,404,0,0,1,0,0.9666666666666667,11,404,455,456,405,0,0,1,0,0.9666666666666667,11,405,456,457,406,0,0,1,0,0.9666666666666667,11,406,457,458,407,0,0,1,0,0.9666666666666667,11,408,459,460,409,0,0,1,0,0.9666666666666667,11,409,460,461,410,0,0,1,0,0.9666666666666667,11,410,461,462,411,0,0,1,0,0.9666666666666667,11,411,462,463,412,0,0,1,0,0.9666666666666667,11,412,463,464,413,0,0,1,0,0.9666666666666667,11,413,464,465,414,0,0,1,0,0.9666666666666667,11,414,465,466,415,0,0,1,0,0.9666666666666667,11,415,466,467,416,0,0,1,0,0.9666666666666667,11,416,467,468,417,0,0,1,0,0.9666666666666667,11,417,468,469,418,0,0,1,0,0.9666666666666667,11,418,469,470,419,0,0,1,0,0.9666666666666667,11,419,470,471,420,1,0,1,0,0.9666666666666667,11,420,471,472,421,1,0,1,0,0.9666666666666667,11,421,472,473,422,1,0,1,0,0.9666666666666667,11,422,473,474,423,1,0,1,0,0.9666666666666667,11,423,474,475,424,1,0,1,0,0.9666666666666667,11,424,475,476,425,1,0,1,0,0.9666666666666667,11,425,476,477,426,1,0,1,0,0.9666666666666667,11,426,477,478,427,1,0,1,0,0.9666666666666667,11,427,478,479,428,1,0,1,0,0.9666666666666667,11,428,479,480,429,1,0,1,0,0.9666666666666667,11,429,480,481,430,1,0,1,0,0.9666666666666667,11,430,481,482,431,1,0,1,0,0.9666666666666667,11,431,482,483,432,1,0,1,0,0.9666666666666667,11,432,483,484,433,1,0,1,0,0.9666666666666667,11,433,484,485,434,1,0,1,0,0.9666666666666667,11,434,485,486,435,1,0,1,0,0.9666666666666667,11,435,486,487,436,1,0,1,0,0.9666666666666667,11,436,487,488,437,1,0,1,0,0.9666666666666667,11,437,488,489,438,1,0,1,0,0.9666666666666667,11,438,489,490,439,1,0,1,0,0.9666666666666667,11,439,490,491,440,1,0,1,0,0.9666666666666667,11,440,491,492,441,1,0,1,0,0.9666666666666667,11,441,492,493,442,1,0,1,0,0.9666666666666667,11,442,493,494,443,1,0,1,0,0.9666666666666667,11,443,494,495,444,1,0,1,0,0.9666666666666667,11,444,495,496,445,1,0,1,0,0.9666666666666667,11,445,496,497,446,1,0,1,0,0.9666666666666667,11,446,497,498,447,1,0,1,0,0.9666666666666667,11,447,498,499,448,0,0,1,0,0.9666666666666667,11,448,499,500,449,0,0,1,0,0.9666666666666667,11,449,500,501,450,0,0,1,0,0.9666666666666667,11,450,501,502,451,0,0,1,0,0.9666666666666667,11,451,502,503,452,0,0,1,0,0.9666666666666667,11,452,503,504,453,0,0,1,0,0.9666666666666667,11,453,504,505,454,0,0,1,0,0.9666666666666667,11,454,505,506,455,0,0,1,0,0.9666666666666667,11,455,506,507,456,0,0,1,0,0.9666666666666667,11,456,507,508,457,0,0,1,0,0.9666666666666667,11,457,508,509,458,0,0,1,0,0.9666666666666667,11,459,510,511,460,0,0,1,0,0.9666666666666667,11,460,511,512,461,0,0,1,0,0.9666666666666667,11,461,512,513,462,0,0,1,0,0.9666666666666667,11,462,513,514,463,0,0,1,0,0.9666666666666667,11,463,514,515,464,0,0,1,0,0.9666666666666667,11,464,515,516,465,0,0,1,0,0.9666666666666667,11,465,516,517,466,0,0,1,0,0.9666666666666667,11,466,517,518,467,0,0,1,0,0.9666666666666667,11,467,518,519,468,0,0,1,0,0.9666666666666667,11,468,519,520,469,0,0,1,0,0.9666666666666667,11,469,520,521,470,0,0,1,0,0.9666666666666667,11,470,521,522,471,1,0,1,0,0.9666666666666667,11,471,522,523,472,1,0,1,0,0.9666666666666667,11,472,523,524,473,1,0,1,0,0.9666666666666667,11,473,524,525,474,0,0,1,0,0.9666666666666667,11,474,525,526,475,0,0,1,0,0.9666666666666667,11,475,526,527,476,0,0,1,0,0.9666666666666667,11,476,527,528,477,0,0,1,0,0.9666666666666667,11,477,528,529,478,0,0,1,0,0.9666666666666667,11,478,529,530,479,0,0,1,0,0.9666666666666667,11,479,530,531,480,0,0,1,0,0.9666666666666667,11,480,531,532,481,0,0,1,0,0.9666666666666667,11,481,532,533,482,0,0,1,0,0.9666666666666667,11,482,533,534,483,0,0,1,0,0.9666666666666667,11,483,534,535,484,0,0,1,0,0.9666666666666667,11,484,535,536,485,0,0,1,0,0.9666666666666667,11,485,536,537,486,0,0,1,0,0.9666666666666667,11,486,537,538,487,0,0,1,0,0.9666666666666667,11,487,538,539,488,0,0,1,0,0.9666666666666667,11,488,539,540,489,0,0,1,0,0.9666666666666667,11,489,540,541,490,0,0,1,0,0.9666666666666667,11,490,541,542,491,0,0,1,0,0.9666666666666667,11,491,542,543,492,0,0,1,0,0.9666666666666667,11,492,543,544,493,0,0,1,0,0.9666666666666667,11,493,544,545,494,0,0,1,0,0.9666666666666667,11,494,545,546,495,0,0,1,0,0.9666666666666667,11,495,546,547,496,1,0,1,0,0.9666666666666667,11,496,547,548,497,1,0,1,0,0.9666666666666667,11,497,548,549,498,1,0,1,0,0.9666666666666667,11,498,549,550,499,0,0,1,0,0.9666666666666667,11,499,550,551,500,0,0,1,0,0.9666666666666667,11,500,551,552,501,0,0,1,0,0.9666666666666667,11,501,552,553,502,0,0,1,0,0.9666666666666667,11,502,553,554,503,0,0,1,0,0.9666666666666667,11,503,554,555,504,0,0,1,0,0.9666666666666667,11,504,555,556,505,0,0,1,0,0.9666666666666667,11,505,556,557,506,0,0,1,0,0.9666666666666667,11,506,557,558,507,0,0,1,0,0.9666666666666667,11,507,558,559,508,0,0,1,0,0.9666666666666667,11,508,559,560,509,0,0,1,0,0.9666666666666667,11,510,561,562,511,0,0,1,0,0.9666666666666667,11,511,562,563,512,0,0,1,0,0.9666666666666667,11,512,563,564,513,0,0,1,0,0.9666666666666667,11,513,564,565,514,0,0,1,0,0.9666666666666667,11,514,565,566,515,0,0,1,0,0.9666666666666667,11,515,566,567,516,0,0,1,0,0.9666666666666667,11,516,567,568,517,0,0,1,0,0.9666666666666667,11,517,568,569,518,0,0,1,0,0.9666666666666667,11,518,569,570,519,0,0,1,0,0.9666666666666667,11,519,570,571,520,0,0,1,0,0.9666666666666667,11,520,571,572,521,1,0,1,0,0.9666666666666667,11,521,572,573,522,1,0,1,0,0.9666666666666667,11,522,573,574,523,1,0,1,0,0.9666666666666667,11,523,574,575,524,0,0,1,0,0.9666666666666667,11,524,575,576,525,0,0,1,0,0.9666666666666667,11,525,576,577,526,0,0,1,0,0.9666666666666667,11,526,577,578,527,0,0,1,0,0.9666666666666667,11,527,578,579,528,0,0,1,0,0.9666666666666667,11,528,579,580,529,0,0,1,0,0.9666666666666667,11,529,580,581,530,0,0,1,0,0.9666666666666667,11,530,581,582,531,0,0,1,0,0.9666666666666667,11,531,582,583,532,0,0,1,0,0.9666666666666667,11,532,583,584,533,0,0,1,0,0.9666666666666667,11,533,584,585,534,0,0,1,0,0.9666666666666667,11,534,585,586,535,0,0,1,0,0.9666666666666667,11,535,586,587,536,0,0,1,0,0.9666666666666667,11,536,587,588,537,0,0,1,0,0.9666666666666667,11,537,588,589,538,0,0,1,0,0.9666666666666667,11,538,589,590,539,0,0,1,0,0.9666666666666667,11,539,590,591,540,0,0,1,0,0.9666666666666667,11,540,591,592,541,0,0,1,0,0.9666666666666667,11,541,592,593,542,0,0,1,0,0.9666666666666667,11,542,593,594,543,0,0,1,0,0.9666666666666667,11,543,594,595,544,0,0,1,0,0.9666666666666667,11,544,595,596,545,0,0,1,0,0.9666666666666667,11,545,596,597,546,0,0,1,0,0.9666666666666667,11,546,597,598,547,0,0,1,0,0.9666666666666667,11,547,598,599,548,1,0,1,0,0.9666666666666667,11,548,599,600,549,1,0,1,0,0.9666666666666667,11,549,600,601,550,1,0,1,0,0.9666666666666667,11,550,601,602,551,0,0,1,0,0.9666666666666667,11,551,602,603,552,0,0,1,0,0.9666666666666667,11,552,603,604,553,0,0,1,0,0.9666666666666667,11,553,604,605,554,0,0,1,0,0.9666666666666667,11,554,605,606,555,0,0,1,0,0.9666666666666667,11,555,606,607,556,0,0,1,0,0.9666666666666667,11,556,607,608,557,0,0,1,0,0.9666666666666667,11,557,608,609,558,0,0,1,0,0.9666666666666667,11,558,609,610,559,0,0,1,0,0.9666666666666667,11,559,610,611,560,0,0,1,0,0.9666666666666667,11,561,612,613,562,0,0,1,0,0.9666666666666667,11,562,613,614,563,0,0,1,0,0.9666666666666667,11,563,614,615,564,0,0,1,0,0.9666666666666667,11,564,615,616,565,0,0,1,0,0.9666666666666667,11,565,616,617,566,0,0,1,0,0.9666666666666667,11,566,617,618,567,0,0,1,0,0.9666666666666667,11,567,618,619,568,0,0,1,0,0.9666666666666667,11,568,619,620,569,0,0,1,0,0.9666666666666667,11,569,620,621,570,0,0,1,0,0.9666666666666667,11,570,621,622,571,0,0,1,0,0.9666666666666667,11,571,622,623,572,1,0,1,0,0.9666666666666667,11,572,623,624,573,1,0,1,0,0.9666666666666667,11,573,624,625,574,1,0,1,0,0.9666666666666667,11,574,625,626,575,0,0,1,0,0.9666666666666667,11,575,626,627,576,0,0,1,0,0.9666666666666667,11,576,627,628,577,0,0,1,0,0.9666666666666667,11,577,628,629,578,0,0,1,0,0.9666666666666667,11,578,629,630,579,0,0,1,0,0.9666666666666667,11,579,630,631,580,0,0,1,0,0.9666666666666667,11,580,631,632,581,0,0,1,0,0.9666666666666667,11,581,632,633,582,0,0,1,0,0.9666666666666667,11,582,633,634,583,0,0,1,0,0.9666666666666667,11,583,634,635,584,0,0,1,0,0.9666666666666667,11,584,635,636,585,0,0,1,0,0.9666666666666667,11,585,636,637,586,0,0,1,0,0.9666666666666667,11,586,637,638,587,0,0,1,0,0.9666666666666667,11,587,638,639,588,0,0,1,0,0.9666666666666667,11,588,639,640,589,0,0,1,0,0.9666666666666667,11,589,640,641,590,0,0,1,0,0.9666666666666667,11,590,641,642,591,0,0,1,0,0.9666666666666667,11,591,642,643,592,0,0,1,0,0.9666666666666667,11,592,643,644,593,0,0,1,0,0.9666666666666667,11,593,644,645,594,0,0,1,0,0.9666666666666667,11,594,645,646,595,0,0,1,0,0.9666666666666667,11,595,646,647,596,0,0,1,0,0.9666666666666667,11,596,647,648,597,0,0,1,0,0.9666666666666667,11,597,648,649,598,0,0,1,0,0.9666666666666667,11,598,649,650,599,1,0,1,0,0.9666666666666667,11,599,650,651,600,1,0,1,0,0.9666666666666667,11,600,651,652,601,1,0,1,0,0.9666666666666667,11,601,652,653,602,0,0,1,0,0.9666666666666667,11,602,653,654,603,0,0,1,0,0.9666666666666667,11,603,654,655,604,0,0,1,0,0.9666666666666667,11,604,655,656,605,0,0,1,0,0.9666666666666667,11,605,656,657,606,0,0,1,0,0.9666666666666667,11,606,657,658,607,0,0,1,0,0.9666666666666667,11,607,658,659,608,0,0,1,0,0.9666666666666667,11,608,659,660,609,0,0,1,0,0.9666666666666667,11,609,660,661,610,0,0,1,0,0.9666666666666667,11,610,661,662,611,0,0,1,0,0.9666666666666667,11,612,663,664,613,0,0,1,0,0.9666666666666667,11,613,664,665,614,0,0,1,0,0.9666666666666667,11,614,665,666,615,0,0,1,0,0.9666666666666667,11,615,666,667,616,0,0,1,0,0.9666666666666667,11,616,667,668,617,0,0,1,0,0.9666666666666667,11,617,668,669,618,0,0,1,0,0.9666666666666667,11,618,669,670,619,0,0,1,0,0.9666666666666667,11,619,670,671,620,0,0,1,0,0.9666666666666667,11,620,671,672,621,0,0,1,0,0.9666666666666667,11,621,672,673,622,0,0,1,0,0.9666666666666667,11,622,673,674,623,1,0,1,0,0.9666666666666667,11,623,674,675,624,1,0,1,0,0.9666666666666667,11,624,675,676,625,1,0,1,0,0.9666666666666667,11,625,676,677,626,0,0,1,0,0.9666666666666667,11,626,677,678,627,0,0,1,0,0.9666666666666667,11,627,678,679,628,0,0,1,0,0.9666666666666667,11,628,679,680,629,0,0,1,0,0.9666666666666667,11,629,680,681,630,0,0,1,0,0.9666666666666667,11,630,681,682,631,0,0,1,0,0.9666666666666667,11,631,682,683,632,0,0,1,0,0.9666666666666667,11,632,683,684,633,0,0,1,0,0.9666666666666667,11,633,684,685,634,0,0,1,0,0.9666666666666667,11,634,685,686,635,0,0,1,0,0.9666666666666667,11,635,686,687,636,0,0,1,0,0.9666666666666667,11,636,687,688,637,0,0,1,0,0.9666666666666667,11,637,688,689,638,0,0,1,0,0.9666666666666667,11,638,689,690,639,0,0,1,0,0.9666666666666667,11,639,690,691,640,0,0,1,0,0.9666666666666667,11,640,691,692,641,0,0,1,0,0.9666666666666667,11,641,692,693,642,0,0,1,0,0.9666666666666667,11,642,693,694,643,0,0,1,0,0.9666666666666667,11,643,694,695,644,0,0,1,0,0.9666666666666667,11,644,695,696,645,0,0,1,0,0.9666666666666667,11,645,696,697,646,0,0,1,0,0.9666666666666667,11,646,697,698,647,0,0,1,0,0.9666666666666667,11,647,698,699,648,0,0,1,0,0.9666666666666667,11,648,699,700,649,0,0,1,0,0.9666666666666667,11,649,700,701,650,1,0,1,0,0.9666666666666667,11,650,701,702,651,1,0,1,0,0.9666666666666667,11,651,702,703,652,1,0,1,0,0.9666666666666667,11,652,703,704,653,0,0,1,0,0.9666666666666667,11,653,704,705,654,0,0,1,0,0.9666666666666667,11,654,705,706,655,0,0,1,0,0.9666666666666667,11,655,706,707,656,0,0,1,0,0.9666666666666667,11,656,707,708,657,0,0,1,0,0.9666666666666667,11,657,708,709,658,0,0,1,0,0.9666666666666667,11,658,709,710,659,0,0,1,0,0.9666666666666667,11,659,710,711,660,0,0,1,0,0.9666666666666667,11,660,711,712,661,0,0,1,0,0.9666666666666667,11,661,712,713,662,0,0,1,0,0.9666666666666667,11,663,714,715,664,1,0,1,0,0.9666666666666667,11,664,715,716,665,1,0,1,0,0.9666666666666667,11,665,716,717,666,1,0,1,0,0.9666666666666667,11,666,717,718,667,1,0,1,0,0.9666666666666667,11,667,718,719,668,1,0,1,0,0.9666666666666667,11,668,719,720,669,1,0,1,0,0.9666666666666667,11,669,720,721,670,1,0,1,0,0.9666666666666667,11,670,721,722,671,1,0,1,0,0.9666666666666667,11,671,722,723,672,1,0,1,0,0.9666666666666667,11,672,723,724,673,1,0,1,0,0.9666666666666667,11,673,724,725,674,1,0,1,0,0.9666666666666667,11,674,725,726,675,1,0,1,0,0.9666666666666667,11,675,726,727,676,1,0,1,0,0.9666666666666667,11,676,727,728,677,0,0,1,0,0.9666666666666667,11,677,728,729,678,0,0,1,0,0.9666666666666667,11,678,729,730,679,0,0,1,0,0.9666666666666667,11,679,730,731,680,0,0,1,0,0.9666666666666667,11,680,731,732,681,0,0,1,0,0.9666666666666667,11,681,732,733,682,0,0,1,0,0.9666666666666667,11,682,733,734,683,0,0,1,0,0.9666666666666667,11,683,734,735,684,0,0,1,0,0.9666666666666667,11,684,735,736,685,0,0,1,0,0.9666666666666667,11,685,736,737,686,0,0,1,0,0.9666666666666667,11,686,737,738,687,0,0,1,0,0.9666666666666667,11,687,738,739,688,0,0,1,0,0.9666666666666667,11,688,739,740,689,0,0,1,0,0.9666666666666667,11,689,740,741,690,0,0,1,0,0.9666666666666667,11,690,741,742,691,0,0,1,0,0.9666666666666667,11,691,742,743,692,0,0,1,0,0.9666666666666667,11,692,743,744,693,0,0,1,0,0.9666666666666667,11,693,744,745,694,0,0,1,0,0.9666666666666667,11,694,745,746,695,0,0,1,0,0.9666666666666667,11,695,746,747,696,0,0,1,0,0.9666666666666667,11,696,747,748,697,0,0,1,0,0.9666666666666667,11,697,748,749,698,0,0,1,0,0.9666666666666667,11,698,749,750,699,0,0,1,0,0.9666666666666667,11,699,750,751,700,0,0,1,0,0.9666666666666667,11,700,751,752,701,1,0,1,0,0.9666666666666667,11,701,752,753,702,1,0,1,0,0.9666666666666667,11,702,753,754,703,1,0,1,0,0.9666666666666667,11,703,754,755,704,1,0,1,0,0.9666666666666667,11,704,755,756,705,1,0,1,0,0.9666666666666667,11,705,756,757,706,1,0,1,0,0.9666666666666667,11,706,757,758,707,1,0,1,0,0.9666666666666667,11,707,758,759,708,1,0,1,0,0.9666666666666667,11,708,759,760,709,1,0,1,0,0.9666666666666667,11,709,760,761,710,1,0,1,0,0.9666666666666667,11,710,761,762,711,1,0,1,0,0.9666666666666667,11,711,762,763,712,1,0,1,0,0.9666666666666667,11,712,763,764,713,1,0,1,0,0.9666666666666667,11,714,765,766,715,1,0,1,0,0.9666666666666667,11,715,766,767,716,1,0,1,0,0.9666666666666667,11,716,767,768,717,1,0,1,0,0.9666666666666667,11,717,768,769,718,1,0,1,0,0.9666666666666667,11,718,769,770,719,1,0,1,0,0.9666666666666667,11,719,770,771,720,1,0,1,0,0.9666666666666667,11,720,771,772,721,1,0,1,0,0.9666666666666667,11,721,772,773,722,1,0,1,0,0.9666666666666667,11,722,773,774,723,1,0,1,0,0.9666666666666667,11,723,774,775,724,1,0,1,0,0.9666666666666667,11,724,775,776,725,1,0,1,0,0.9666666666666667,11,725,776,777,726,1,0,1,0,0.9666666666666667,11,726,777,778,727,1,0,1,0,0.9666666666666667,11,727,778,779,728,0,0,1,0,0.9666666666666667,11,728,779,780,729,0,0,1,0,0.9666666666666667,11,729,780,781,730,0,0,1,0,0.9666666666666667,11,730,781,782,731,0,0,1,0,0.9666666666666667,11,731,782,783,732,0,0,1,0,0.9666666666666667,11,732,783,784,733,0,0,1,0,0.9666666666666667,11,733,784,785,734,0,0,1,0,0.9666666666666667,11,734,785,786,735,0,0,1,0,0.9666666666666667,11,735,786,787,736,0,0,1,0,0.9666666666666667,11,736,787,788,737,0,0,1,0,0.9666666666666667,11,737,788,789,738,0,0,1,0,0.9666666666666667,11,738,789,790,739,0,0,1,0,0.9666666666666667,11,739,790,791,740,0,0,1,0,0.9666666666666667,11,740,791,792,741,0,0,1,0,0.9666666666666667,11,741,792,793,742,0,0,1,0,0.9666666666666667,11,742,793,794,743,0,0,1,0,0.9666666666666667,11,743,794,795,744,0,0,1,0,0.9666666666666667,11,744,795,796,745,0,0,1,0,0.9666666666666667,11,745,796,797,746,0,0,1,0,0.9666666666666667,11,746,797,798,747,0,0,1,0,0.9666666666666667,11,747,798,799,748,0,0,1,0,0.9666666666666667,11,748,799,800,749,0,0,1,0,0.9666666666666667,11,749,800,801,750,0,0,1,0,0.9666666666666667,11,750,801,802,751,0,0,1,0,0.9666666666666667,11,751,802,803,752,1,0,1,0,0.9666666666666667,11,752,803,804,753,1,0,1,0,0.9666666666666667,11,753,804,805,754,1,0,1,0,0.9666666666666667,11,754,805,806,755,1,0,1,0,0.9666666666666667,11,755,806,807,756,1,0,1,0,0.9666666666666667,11,756,807,808,757,1,0,1,0,0.9666666666666667,11,757,808,809,758,1,0,1,0,0.9666666666666667,11,758,809,810,759,1,0,1,0,0.9666666666666667,11,759,810,811,760,1,0,1,0,0.9666666666666667,11,760,811,812,761,1,0,1,0,0.9666666666666667,11,761,812,813,762,1,0,1,0,0.9666666666666667,11,762,813,814,763,1,0,1,0,0.9666666666666667,11,763,814,815,764,1,0,1,0,0.9666666666666667,11,765,816,817,766,1,0,1,0,0.9666666666666667,11,766,817,818,767,1,0,1,0,0.9666666666666667,11,767,818,819,768,1,0,1,0,0.9666666666666667,11,768,819,820,769,1,0,1,0,0.9666666666666667,11,769,820,821,770,1,0,1,0,0.9666666666666667,11,770,821,822,771,1,0,1,0,0.9666666666666667,11,771,822,823,772,1,0,1,0,0.9666666666666667,11,772,823,824,773,1,0,1,0,0.9666666666666667,11,773,824,825,774,1,0,1,0,0.9666666666666667,11,774,825,826,775,1,0,1,0,0.9666666666666667,11,775,826,827,776,1,0,1,0,0.9666666666666667,11,776,827,828,777,1,0,1,0,0.9666666666666667,11,777,828,829,778,1,0,1,0,0.9666666666666667,11,778,829,830,779,0,0,1,0,0.9666666666666667,11,779,830,831,780,0,0,1,0,0.9666666666666667,11,780,831,832,781,0,0,1,0,0.9666666666666667,11,781,832,833,782,0,0,1,0,0.9666666666666667,11,782,833,834,783,0,0,1,0,0.9666666666666667,11,783,834,835,784,0,0,1,0,0.9666666666666667,11,784,835,836,785,0,0,1,0,0.9666666666666667,11,785,836,837,786,0,0,1,0,0.9666666666666667,11,786,837,838,787,0,0,1,0,0.9666666666666667,11,787,838,839,788,0,0,1,0,0.9666666666666667,11,788,839,840,789,0,0,1,0,0.9666666666666667,11,789,840,841,790,0,0,1,0,0.9666666666666667,11,790,841,842,791,0,0,1,0,0.9666666666666667,11,791,842,843,792,0,0,1,0,0.9666666666666667,11,792,843,844,793,0,0,1,0,0.9666666666666667,11,793,844,845,794,0,0,1,0,0.9666666666666667,11,794,845,846,795,0,0,1,0,0.9666666666666667,11,795,846,847,796,0,0,1,0,0.9666666666666667,11,796,847,848,797,0,0,1,0,0.9666666666666667,11,797,848,849,798,0,0,1,0,0.9666666666666667,11,798,849,850,799,0,0,1,0,0.9666666666666667,11,799,850,851,800,0,0,1,0,0.9666666666666667,11,800,851,852,801,0,0,1,0,0.9666666666666667,11,801,852,853,802,0,0,1,0,0.9666666666666667,11,802,853,854,803,1,0,1,0,0.9666666666666667,11,803,854,855,804,1,0,1,0,0.9666666666666667,11,804,855,856,805,1,0,1,0,0.9666666666666667,11,805,856,857,806,1,0,1,0,0.9666666666666667,11,806,857,858,807,1,0,1,0,0.9666666666666667,11,807,858,859,808,1,0,1,0,0.9666666666666667,11,808,859,860,809,1,0,1,0,0.9666666666666667,11,809,860,861,810,1,0,1,0,0.9666666666666667,11,810,861,862,811,1,0,1,0,0.9666666666666667,11,811,862,863,812,1,0,1,0,0.9666666666666667,11,812,863,864,813,1,0,1,0,0.9666666666666667,11,813,864,865,814,1,0,1,0,0.9666666666666667,11,814,865,866,815,1,0,1,0,0.9666666666666667,11,816,867,868,817,0,0,1,0,0.9666666666666667,11,817,868,869,818,0,0,1,0,0.9666666666666667,11,818,869,870,819,0,0,1,0,0.9666666666666667,11,819,870,871,820,0,0,1,0,0.9666666666666667,11,820,871,872,821,0,0,1,0,0.9666666666666667,11,821,872,873,822,0,0,1,0,0.9666666666666667,11,822,873,874,823,0,0,1,0,0.9666666666666667,11,823,874,875,824,0,0,1,0,0.9666666666666667,11,824,875,876,825,0,0,1,0,0.9666666666666667,11,825,876,877,826,0,0,1,0,0.9666666666666667,11,826,877,878,827,1,0,1,0,0.9666666666666667,11,827,878,879,828,1,0,1,0,0.9666666666666667,11,828,879,880,829,1,0,1,0,0.9666666666666667,11,829,880,881,830,0,0,1,0,0.9666666666666667,11,830,881,882,831,0,0,1,0,0.9666666666666667,11,831,882,883,832,0,0,1,0,0.9666666666666667,11,832,883,884,833,0,0,1,0,0.9666666666666667,11,833,884,885,834,0,0,1,0,0.9666666666666667,11,834,885,886,835,0,0,1,0,0.9666666666666667,11,835,886,887,836,0,0,1,0,0.9666666666666667,11,836,887,888,837,0,0,1,0,0.9666666666666667,11,837,888,889,838,0,0,1,0,0.9666666666666667,11,838,889,890,839,0,0,1,0,0.9666666666666667,11,839,890,891,840,0,0,1,0,0.9666666666666667,11,840,891,892,841,0,0,1,0,0.9666666666666667,11,841,892,893,842,0,0,1,0,0.9666666666666667,11,842,893,894,843,0,0,1,0,0.9666666666666667,11,843,894,895,844,0,0,1,0,0.9666666666666667,11,844,895,896,845,0,0,1,0,0.9666666666666667,11,845,896,897,846,0,0,1,0,0.9666666666666667,11,846,897,898,847,0,0,1,0,0.9666666666666667,11,847,898,899,848,0,0,1,0,0.9666666666666667,11,848,899,900,849,0,0,1,0,0.9666666666666667,11,849,900,901,850,0,0,1,0,0.9666666666666667,11,850,901,902,851,0,0,1,0,0.9666666666666667,11,851,902,903,852,0,0,1,0,0.9666666666666667,11,852,903,904,853,0,0,1,0,0.9666666666666667,11,853,904,905,854,1,0,1,0,0.9666666666666667,11,854,905,906,855,1,0,1,0,0.9666666666666667,11,855,906,907,856,1,0,1,0,0.9666666666666667,11,856,907,908,857,0,0,1,0,0.9666666666666667,11,857,908,909,858,0,0,1,0,0.9666666666666667,11,858,909,910,859,0,0,1,0,0.9666666666666667,11,859,910,911,860,0,0,1,0,0.9666666666666667,11,860,911,912,861,0,0,1,0,0.9666666666666667,11,861,912,913,862,0,0,1,0,0.9666666666666667,11,862,913,914,863,0,0,1,0,0.9666666666666667,11,863,914,915,864,0,0,1,0,0.9666666666666667,11,864,915,916,865,0,0,1,0,0.9666666666666667,11,865,916,917,866,0,0,1,0,0.9666666666666667,11,867,918,919,868,0,0,1,0,0.9666666666666667,11,868,919,920,869,0,0,1,0,0.9666666666666667,11,869,920,921,870,0,0,1,0,0.9666666666666667,11,870,921,922,871,0,0,1,0,0.9666666666666667,11,871,922,923,872,0,0,1,0,0.9666666666666667,11,872,923,924,873,0,0,1,0,0.9666666666666667,11,873,924,925,874,0,0,1,0,0.9666666666666667,11,874,925,926,875,0,0,1,0,0.9666666666666667,11,875,926,927,876,0,0,1,0,0.9666666666666667,11,876,927,928,877,0,0,1,0,0.9666666666666667,11,877,928,929,878,1,0,1,0,0.9666666666666667,11,878,929,930,879,1,0,1,0,0.9666666666666667,11,879,930,931,880,1,0,1,0,0.9666666666666667,11,880,931,932,881,0,0,1,0,0.9666666666666667,11,881,932,933,882,0,0,1,0,0.9666666666666667,11,882,933,934,883,0,0,1,0,0.9666666666666667,11,883,934,935,884,0,0,1,0,0.9666666666666667,11,884,935,936,885,0,0,1,0,0.9666666666666667,11,885,936,937,886,0,0,1,0,0.9666666666666667,11,886,937,938,887,0,0,1,0,0.9666666666666667,11,887,938,939,888,0,0,1,0,0.9666666666666667,11,888,939,940,889,0,0,1,0,0.9666666666666667,11,889,940,941,890,0,0,1,0,0.9666666666666667,11,890,941,942,891,0,0,1,0,0.9666666666666667,11,891,942,943,892,0,0,1,0,0.9666666666666667,11,892,943,944,893,0,0,1,0,0.9666666666666667,11,893,944,945,894,0,0,1,0,0.9666666666666667,11,894,945,946,895,0,0,1,0,0.9666666666666667,11,895,946,947,896,0,0,1,0,0.9666666666666667,11,896,947,948,897,0,0,1,0,0.9666666666666667,11,897,948,949,898,0,0,1,0,0.9666666666666667,11,898,949,950,899,0,0,1,0,0.9666666666666667,11,899,950,951,900,0,0,1,0,0.9666666666666667,11,900,951,952,901,0,0,1,0,0.9666666666666667,11,901,952,953,902,0,0,1,0,0.9666666666666667,11,902,953,954,903,0,0,1,0,0.9666666666666667,11,903,954,955,904,0,0,1,0,0.9666666666666667,11,904,955,956,905,1,0,1,0,0.9666666666666667,11,905,956,957,906,1,0,1,0,0.9666666666666667,11,906,957,958,907,1,0,1,0,0.9666666666666667,11,907,958,959,908,0,0,1,0,0.9666666666666667,11,908,959,960,909,0,0,1,0,0.9666666666666667,11,909,960,961,910,0,0,1,0,0.9666666666666667,11,910,961,962,911,0,0,1,0,0.9666666666666667,11,911,962,963,912,0,0,1,0,0.9666666666666667,11,912,963,964,913,0,0,1,0,0.9666666666666667,11,913,964,965,914,0,0,1,0,0.9666666666666667,11,914,965,966,915,0,0,1,0,0.9666666666666667,11,915,966,967,916,0,0,1,0,0.9666666666666667,11,916,967,968,917,0,0,1,0,0.9666666666666667,11,918,969,970,919,0,0,1,0,0.9666666666666667,11,919,970,971,920,0,0,1,0,0.9666666666666667,11,920,971,972,921,0,0,1,0,0.9666666666666667,11,921,972,973,922,0,0,1,0,0.9666666666666667,11,922,973,974,923,0,0,1,0,0.9666666666666667,11,923,974,975,924,0,0,1,0,0.9666666666666667,11,924,975,976,925,0,0,1,0,0.9666666666666667,11,925,976,977,926,0,0,1,0,0.9666666666666667,11,926,977,978,927,0,0,1,0,0.9666666666666667,11,927,978,979,928,0,0,1,0,0.9666666666666667,11,928,979,980,929,1,0,1,0,0.9666666666666667,11,929,980,981,930,1,0,1,0,0.9666666666666667,11,930,981,982,931,1,0,1,0,0.9666666666666667,11,931,982,983,932,0,0,1,0,0.9666666666666667,11,932,983,984,933,0,0,1,0,0.9666666666666667,11,933,984,985,934,0,0,1,0,0.9666666666666667,11,934,985,986,935,0,0,1,0,0.9666666666666667,11,935,986,987,936,0,0,1,0,0.9666666666666667,11,936,987,988,937,0,0,1,0,0.9666666666666667,11,937,988,989,938,0,0,1,0,0.9666666666666667,11,938,989,990,939,0,0,1,0,0.9666666666666667,11,939,990,991,940,0,0,1,0,0.9666666666666667,11,940,991,992,941,0,0,1,0,0.9666666666666667,11,941,992,993,942,0,0,1,0,0.9666666666666667,11,942,993,994,943,0,0,1,0,0.9666666666666667,11,943,994,995,944,0,0,1,0,0.9666666666666667,11,944,995,996,945,0,0,1,0,0.9666666666666667,11,945,996,997,946,0,0,1,0,0.9666666666666667,11,946,997,998,947,0,0,1,0,0.9666666666666667,11,947,998,999,948,0,0,1,0,0.9666666666666667,11,948,999,1000,949,0,0,1,0,0.9666666666666667,11,949,1000,1001,950,0,0,1,0,0.9666666666666667,11,950,1001,1002,951,0,0,1,0,0.9666666666666667,11,951,1002,1003,952,0,0,1,0,0.9666666666666667,11,952,1003,1004,953,0,0,1,0,0.9666666666666667,11,953,1004,1005,954,0,0,1,0,0.9666666666666667,11,954,1005,1006,955,0,0,1,0,0.9666666666666667,11,955,1006,1007,956,1,0,1,0,0.9666666666666667,11,956,1007,1008,957,1,0,1,0,0.9666666666666667,11,957,1008,1009,958,1,0,1,0,0.9666666666666667,11,958,1009,1010,959,0,0,1,0,0.9666666666666667,11,959,1010,1011,960,0,0,1,0,0.9666666666666667,11,960,1011,1012,961,0,0,1,0,0.9666666666666667,11,961,1012,1013,962,0,0,1,0,0.9666666666666667,11,962,1013,1014,963,0,0,1,0,0.9666666666666667,11,963,1014,1015,964,0,0,1,0,0.9666666666666667,11,964,1015,1016,965,0,0,1,0,0.9666666666666667,11,965,1016,1017,966,0,0,1,0,0.9666666666666667,11,966,1017,1018,967,0,0,1,0,0.9666666666666667,11,967,1018,1019,968,0,0,1,0,0.9666666666666667,11,969,1020,1021,970,0,0,1,0,0.9666666666666667,11,970,1021,1022,971,0,0,1,0,0.9666666666666667,11,971,1022,1023,972,0,0,1,0,0.9666666666666667,11,972,1023,1024,973,0,0,1,0,0.9666666666666667,11,973,1024,1025,974,0,0,1,0,0.9666666666666667,11,974,1025,1026,975,0,0,1,0,0.9666666666666667,11,975,1026,1027,976,0,0,1,0,0.9666666666666667,11,976,1027,1028,977,0,0,1,0,0.9666666666666667,11,977,1028,1029,978,0,0,1,0,0.9666666666666667,11,978,1029,1030,979,0,0,1,0,0.9666666666666667,11,979,1030,1031,980,0,0,1,0,0.9666666666666667,11,980,1031,1032,981,1,0,1,0,0.9666666666666667,11,981,1032,1033,982,1,0,1,0,0.9666666666666667,11,982,1033,1034,983,1,0,1,0,0.9666666666666667,11,983,1034,1035,984,0,0,1,0,0.9666666666666667,11,984,1035,1036,985,0,0,1,0,0.9666666666666667,11,985,1036,1037,986,0,0,1,0,0.9666666666666667,11,986,1037,1038,987,0,0,1,0,0.9666666666666667,11,987,1038,1039,988,0,0,1,0,0.9666666666666667,11,988,1039,1040,989,0,0,1,0,0.9666666666666667,11,989,1040,1041,990,0,0,1,0,0.9666666666666667,11,990,1041,1042,991,0,0,1,0,0.9666666666666667,11,991,1042,1043,992,0,0,1,0,0.9666666666666667,11,992,1043,1044,993,0,0,1,0,0.9666666666666667,11,993,1044,1045,994,0,0,1,0,0.9666666666666667,11,994,1045,1046,995,0,0,1,0,0.9666666666666667,11,995,1046,1047,996,0,0,1,0,0.9666666666666667,11,996,1047,1048,997,0,0,1,0,0.9666666666666667,11,997,1048,1049,998,0,0,1,0,0.9666666666666667,11,998,1049,1050,999,0,0,1,0,0.9666666666666667,11,999,1050,1051,1000,0,0,1,0,0.9666666666666667,11,1000,1051,1052,1001,0,0,1,0,0.9666666666666667,11,1001,1052,1053,1002,0,0,1,0,0.9666666666666667,11,1002,1053,1054,1003,0,0,1,0,0.9666666666666667,11,1003,1054,1055,1004,0,0,1,0,0.9666666666666667,11,1004,1055,1056,1005,0,0,1,0,0.9666666666666667,11,1005,1056,1057,1006,1,0,1,0,0.9666666666666667,11,1006,1057,1058,1007,1,0,1,0,0.9666666666666667,11,1007,1058,1059,1008,1,0,1,0,0.9666666666666667,11,1008,1059,1060,1009,0,0,1,0,0.9666666666666667,11,1009,1060,1061,1010,0,0,1,0,0.9666666666666667,11,1010,1061,1062,1011,0,0,1,0,0.9666666666666667,11,1011,1062,1063,1012,0,0,1,0,0.9666666666666667,11,1012,1063,1064,1013,0,0,1,0,0.9666666666666667,11,1013,1064,1065,1014,0,0,1,0,0.9666666666666667,11,1014,1065,1066,1015,0,0,1,0,0.9666666666666667,11,1015,1066,1067,1016,0,0,1,0,0.9666666666666667,11,1016,1067,1068,1017,0,0,1,0,0.9666666666666667,11,1017,1068,1069,1018,0,0,1,0,0.9666666666666667,11,1018,1069,1070,1019,0,0,1,0,0.9666666666666667,11,1020,1071,1072,1021,0,0,1,0,0.9666666666666667,11,1021,1072,1073,1022,0,0,1,0,0.9666666666666667,11,1022,1073,1074,1023,0,0,1,0,0.9666666666666667,11,1023,1074,1075,1024,0,0,1,0,0.9666666666666667,11,1024,1075,1076,1025,0,0,1,0,0.9666666666666667,11,1025,1076,1077,1026,0,0,1,0,0.9666666666666667,11,1026,1077,1078,1027,0,0,1,0,0.9666666666666667,11,1027,1078,1079,1028,0,0,1,0,0.9666666666666667,11,1028,1079,1080,1029,0,0,1,0,0.9666666666666667,11,1029,1080,1081,1030,0,0,1,0,0.9666666666666667,11,1030,1081,1082,1031,0,0,1,0,0.9666666666666667,11,1031,1082,1083,1032,1,0,1,0,0.9666666666666667,11,1032,1083,1084,1033,1,0,1,0,0.9666666666666667,11,1033,1084,1085,1034,1,0,1,0,0.9666666666666667,11,1034,1085,1086,1035,1,0,1,0,0.9666666666666667,11,1035,1086,1087,1036,1,0,1,0,0.9666666666666667,11,1036,1087,1088,1037,1,0,1,0,0.9666666666666667,11,1037,1088,1089,1038,1,0,1,0,0.9666666666666667,11,1038,1089,1090,1039,1,0,1,0,0.9666666666666667,11,1039,1090,1091,1040,1,0,1,0,0.9666666666666667,11,1040,1091,1092,1041,1,0,1,0,0.9666666666666667,11,1041,1092,1093,1042,1,0,1,0,0.9666666666666667,11,1042,1093,1094,1043,1,0,1,0,0.9666666666666667,11,1043,1094,1095,1044,1,0,1,0,0.9666666666666667,11,1044,1095,1096,1045,1,0,1,0,0.9666666666666667,11,1045,1096,1097,1046,1,0,1,0,0.9666666666666667,11,1046,1097,1098,1047,1,0,1,0,0.9666666666666667,11,1047,1098,1099,1048,1,0,1,0,0.9666666666666667,11,1048,1099,1100,1049,1,0,1,0,0.9666666666666667,11,1049,1100,1101,1050,1,0,1,0,0.9666666666666667,11,1050,1101,1102,1051,1,0,1,0,0.9666666666666667,11,1051,1102,1103,1052,1,0,1,0,0.9666666666666667,11,1052,1103,1104,1053,1,0,1,0,0.9666666666666667,11,1053,1104,1105,1054,1,0,1,0,0.9666666666666667,11,1054,1105,1106,1055,1,0,1,0,0.9666666666666667,11,1055,1106,1107,1056,1,0,1,0,0.9666666666666667,11,1056,1107,1108,1057,1,0,1,0,0.9666666666666667,11,1057,1108,1109,1058,1,0,1,0,0.9666666666666667,11,1058,1109,1110,1059,1,0,1,0,0.9666666666666667,11,1059,1110,1111,1060,0,0,1,0,0.9666666666666667,11,1060,1111,1112,1061,0,0,1,0,0.9666666666666667,11,1061,1112,1113,1062,0,0,1,0,0.9666666666666667,11,1062,1113,1114,1063,0,0,1,0,0.9666666666666667,11,1063,1114,1115,1064,0,0,1,0,0.9666666666666667,11,1064,1115,1116,1065,0,0,1,0,0.9666666666666667,11,1065,1116,1117,1066,0,0,1,0,0.9666666666666667,11,1066,1117,1118,1067,0,0,1,0,0.9666666666666667,11,1067,1118,1119,1068,0,0,1,0,0.9666666666666667,11,1068,1119,1120,1069,0,0,1,0,0.9666666666666667,11,1069,1120,1121,1070,0,0,1,0,0.9666666666666667,11,1071,1122,1123,1072,0,0,1,0,0.9666666666666667,11,1072,1123,1124,1073,0,0,1,0,0.9666666666666667,11,1073,1124,1125,1074,0,0,1,0,0.9666666666666667,11,1074,1125,1126,1075,0,0,1,0,0.9666666666666667,11,1075,1126,1127,1076,0,0,1,0,0.9666666666666667,11,1076,1127,1128,1077,0,0,1,0,0.9666666666666667,11,1077,1128,1129,1078,0,0,1,0,0.9666666666666667,11,1078,1129,1130,1079,0,0,1,0,0.9666666666666667,11,1079,1130,1131,1080,0,0,1,0,0.9666666666666667,11,1080,1131,1132,1081,0,0,1,0,0.9666666666666667,11,1081,1132,1133,1082,0,0,1,0,0.9666666666666667,11,1082,1133,1134,1083,1,0,1,0,0.9666666666666667,11,1083,1134,1135,1084,1,0,1,0,0.9666666666666667,11,1084,1135,1136,1085,1,0,1,0,0.9666666666666667,11,1085,1136,1137,1086,1,0,1,0,0.9666666666666667,11,1086,1137,1138,1087,1,0,1,0,0.9666666666666667,11,1087,1138,1139,1088,1,0,1,0,0.9666666666666667,11,1088,1139,1140,1089,1,0,1,0,0.9666666666666667,11,1089,1140,1141,1090,1,0,1,0,0.9666666666666667,11,1090,1141,1142,1091,1,0,1,0,0.9666666666666667,11,1091,1142,1143,1092,1,0,1,0,0.9666666666666667,11,1092,1143,1144,1093,1,0,1,0,0.9666666666666667,11,1093,1144,1145,1094,1,0,1,0,0.9666666666666667,11,1094,1145,1146,1095,1,0,1,0,0.9666666666666667,11,1095,1146,1147,1096,1,0,1,0,0.9666666666666667,11,1096,1147,1148,1097,1,0,1,0,0.9666666666666667,11,1097,1148,1149,1098,1,0,1,0,0.9666666666666667,11,1098,1149,1150,1099,1,0,1,0,0.9666666666666667,11,1099,1150,1151,1100,1,0,1,0,0.9666666666666667,11,1100,1151,1152,1101,1,0,1,0,0.9666666666666667,11,1101,1152,1153,1102,1,0,1,0,0.9666666666666667,11,1102,1153,1154,1103,1,0,1,0,0.9666666666666667,11,1103,1154,1155,1104,1,0,1,0,0.9666666666666667,11,1104,1155,1156,1105,1,0,1,0,0.9666666666666667,11,1105,1156,1157,1106,1,0,1,0,0.9666666666666667,11,1106,1157,1158,1107,1,0,1,0,0.9666666666666667,11,1107,1158,1159,1108,1,0,1,0,0.9666666666666667,11,1108,1159,1160,1109,1,0,1,0,0.9666666666666667,11,1109,1160,1161,1110,1,0,1,0,0.9666666666666667,11,1110,1161,1162,1111,0,0,1,0,0.9666666666666667,11,1111,1162,1163,1112,0,0,1,0,0.9666666666666667,11,1112,1163,1164,1113,0,0,1,0,0.9666666666666667,11,1113,1164,1165,1114,0,0,1,0,0.9666666666666667,11,1114,1165,1166,1115,0,0,1,0,0.9666666666666667,11,1115,1166,1167,1116,0,0,1,0,0.9666666666666667,11,1116,1167,1168,1117,0,0,1,0,0.9666666666666667,11,1117,1168,1169,1118,0,0,1,0,0.9666666666666667,11,1118,1169,1170,1119,0,0,1,0,0.9666666666666667,11,1119,1170,1171,1120,0,0,1,0,0.9666666666666667,11,1120,1171,1172,1121,0,0,1,0,0.9666666666666667,11,1122,1173,1174,1123,0,0,1,0,0.9666666666666667,11,1123,1174,1175,1124,0,0,1,0,0.9666666666666667,11,1124,1175,1176,1125,0,0,1,0,0.9666666666666667,11,1125,1176,1177,1126,0,0,1,0,0.9666666666666667,11,1126,1177,1178,1127,0,0,1,0,0.9666666666666667,11,1127,1178,1179,1128,0,0,1,0,0.9666666666666667,11,1128,1179,1180,1129,0,0,1,0,0.9666666666666667,11,1129,1180,1181,1130,0,0,1,0,0.9666666666666667,11,1130,1181,1182,1131,0,0,1,0,0.9666666666666667,11,1131,1182,1183,1132,0,0,1,0,0.9666666666666667,11,1132,1183,1184,1133,0,0,1,0,0.9666666666666667,11,1133,1184,1185,1134,0,0,1,0,0.9666666666666667,11,1134,1185,1186,1135,1,0,1,0,0.9666666666666667,11,1135,1186,1187,1136,1,0,1,0,0.9666666666666667,11,1136,1187,1188,1137,1,0,1,0,0.9666666666666667,11,1137,1188,1189,1138,1,0,1,0,0.9666666666666667,11,1138,1189,1190,1139,1,0,1,0,0.9666666666666667,11,1139,1190,1191,1140,1,0,1,0,0.9666666666666667,11,1140,1191,1192,1141,1,0,1,0,0.9666666666666667,11,1141,1192,1193,1142,1,0,1,0,0.9666666666666667,11,1142,1193,1194,1143,1,0,1,0,0.9666666666666667,11,1143,1194,1195,1144,1,0,1,0,0.9666666666666667,11,1144,1195,1196,1145,1,0,1,0,0.9666666666666667,11,1145,1196,1197,1146,1,0,1,0,0.9666666666666667,11,1146,1197,1198,1147,1,0,1,0,0.9666666666666667,11,1147,1198,1199,1148,1,0,1,0,0.9666666666666667,11,1148,1199,1200,1149,1,0,1,0,0.9666666666666667,11,1149,1200,1201,1150,1,0,1,0,0.9666666666666667,11,1150,1201,1202,1151,1,0,1,0,0.9666666666666667,11,1151,1202,1203,1152,1,0,1,0,0.9666666666666667,11,1152,1203,1204,1153,1,0,1,0,0.9666666666666667,11,1153,1204,1205,1154,1,0,1,0,0.9666666666666667,11,1154,1205,1206,1155,1,0,1,0,0.9666666666666667,11,1155,1206,1207,1156,1,0,1,0,0.9666666666666667,11,1156,1207,1208,1157,1,0,1,0,0.9666666666666667,11,1157,1208,1209,1158,1,0,1,0,0.9666666666666667,11,1158,1209,1210,1159,1,0,1,0,0.9666666666666667,11,1159,1210,1211,1160,1,0,1,0,0.9666666666666667,11,1160,1211,1212,1161,0,0,1,0,0.9666666666666667,11,1161,1212,1213,1162,0,0,1,0,0.9666666666666667,11,1162,1213,1214,1163,0,0,1,0,0.9666666666666667,11,1163,1214,1215,1164,0,0,1,0,0.9666666666666667,11,1164,1215,1216,1165,0,0,1,0,0.9666666666666667,11,1165,1216,1217,1166,0,0,1,0,0.9666666666666667,11,1166,1217,1218,1167,0,0,1,0,0.9666666666666667,11,1167,1218,1219,1168,0,0,1,0,0.9666666666666667,11,1168,1219,1220,1169,0,0,1,0,0.9666666666666667,11,1169,1220,1221,1170,0,0,1,0,0.9666666666666667,11,1170,1221,1222,1171,0,0,1,0,0.9666666666666667,11,1171,1222,1223,1172,0,0,1,0,0.9666666666666667,11,1173,1224,1225,1174,0,0,1,0,0.9666666666666667,11,1174,1225,1226,1175,0,0,1,0,0.9666666666666667,11,1175,1226,1227,1176,0,0,1,0,0.9666666666666667,11,1176,1227,1228,1177,0,0,1,0,0.9666666666666667,11,1177,1228,1229,1178,0,0,1,0,0.9666666666666667,11,1178,1229,1230,1179,0,0,1,0,0.9666666666666667,11,1179,1230,1231,1180,0,0,1,0,0.9666666666666667,11,1180,1231,1232,1181,0,0,1,0,0.9666666666666667,11,1181,1232,1233,1182,0,0,1,0,0.9666666666666667,11,1182,1233,1234,1183,0,0,1,0,0.9666666666666667,11,1183,1234,1235,1184,0,0,1,0,0.9666666666666667,11,1184,1235,1236,1185,0,0,1,0,0.9666666666666667,11,1185,1236,1237,1186,0,0,1,0,0.9666666666666667,11,1186,1237,1238,1187,0,0,1,0,0.9666666666666667,11,1187,1238,1239,1188,0,0,1,0,0.9666666666666667,11,1188,1239,1240,1189,0,0,1,0,0.9666666666666667,11,1189,1240,1241,1190,0,0,1,0,0.9666666666666667,11,1190,1241,1242,1191,0,0,1,0,0.9666666666666667,11,1191,1242,1243,1192,0,0,1,0,0.9666666666666667,11,1192,1243,1244,1193,0,0,1,0,0.9666666666666667,11,1193,1244,1245,1194,0,0,1,0,0.9666666666666667,11,1194,1245,1246,1195,0,0,1,0,0.9666666666666667,11,1195,1246,1247,1196,0,0,1,0,0.9666666666666667,11,1196,1247,1248,1197,0,0,1,0,0.9666666666666667,11,1197,1248,1249,1198,0,0,1,0,0.9666666666666667,11,1198,1249,1250,1199,0,0,1,0,0.9666666666666667,11,1199,1250,1251,1200,0,0,1,0,0.9666666666666667,11,1200,1251,1252,1201,0,0,1,0,0.9666666666666667,11,1201,1252,1253,1202,0,0,1,0,0.9666666666666667,11,1202,1253,1254,1203,0,0,1,0,0.9666666666666667,11,1203,1254,1255,1204,0,0,1,0,0.9666666666666667,11,1204,1255,1256,1205,0,0,1,0,0.9666666666666667,11,1205,1256,1257,1206,0,0,1,0,0.9666666666666667,11,1206,1257,1258,1207,0,0,1,0,0.9666666666666667,11,1207,1258,1259,1208,0,0,1,0,0.9666666666666667,11,1208,1259,1260,1209,0,0,1,0,0.9666666666666667,11,1209,1260,1261,1210,0,0,1,0,0.9666666666666667,11,1210,1261,1262,1211,0,0,1,0,0.9666666666666667,11,1211,1262,1263,1212,0,0,1,0,0.9666666666666667,11,1212,1263,1264,1213,0,0,1,0,0.9666666666666667,11,1213,1264,1265,1214,0,0,1,0,0.9666666666666667,11,1214,1265,1266,1215,0,0,1,0,0.9666666666666667,11,1215,1266,1267,1216,0,0,1,0,0.9666666666666667,11,1216,1267,1268,1217,0,0,1,0,0.9666666666666667,11,1217,1268,1269,1218,0,0,1,0,0.9666666666666667,11,1218,1269,1270,1219,0,0,1,0,0.9666666666666667,11,1219,1270,1271,1220,0,0,1,0,0.9666666666666667,11,1220,1271,1272,1221,0,0,1,0,0.9666666666666667,11,1221,1272,1273,1222,0,0,1,0,0.9666666666666667,11,1222,1273,1274,1223,0,0,1,0,0.9666666666666667,11,1224,1275,1276,1225,0,0,1,0,0.9666666666666667,11,1225,1276,1277,1226,0,0,1,0,0.9666666666666667,11,1226,1277,1278,1227,0,0,1,0,0.9666666666666667,11,1227,1278,1279,1228,0,0,1,0,0.9666666666666667,11,1228,1279,1280,1229,0,0,1,0,0.9666666666666667,11,1229,1280,1281,1230,0,0,1,0,0.9666666666666667,11,1230,1281,1282,1231,0,0,1,0,0.9666666666666667,11,1231,1282,1283,1232,0,0,1,0,0.9666666666666667,11,1232,1283,1284,1233,0,0,1,0,0.9666666666666667,11,1233,1284,1285,1234,0,0,1,0,0.9666666666666667,11,1234,1285,1286,1235,0,0,1,0,0.9666666666666667,11,1235,1286,1287,1236,0,0,1,0,0.9666666666666667,11,1236,1287,1288,1237,0,0,1,0,0.9666666666666667,11,1237,1288,1289,1238,0,0,1,0,0.9666666666666667,11,1238,1289,1290,1239,0,0,1,0,0.9666666666666667,11,1239,1290,1291,1240,0,0,1,0,0.9666666666666667,11,1240,1291,1292,1241,0,0,1,0,0.9666666666666667,11,1241,1292,1293,1242,0,0,1,0,0.9666666666666667,11,1242,1293,1294,1243,0,0,1,0,0.9666666666666667,11,1243,1294,1295,1244,0,0,1,0,0.9666666666666667,11,1244,1295,1296,1245,0,0,1,0,0.9666666666666667,11,1245,1296,1297,1246,0,0,1,0,0.9666666666666667,11,1246,1297,1298,1247,0,0,1,0,0.9666666666666667,11,1247,1298,1299,1248,0,0,1,0,0.9666666666666667,11,1248,1299,1300,1249,0,0,1,0,0.9666666666666667,11,1249,1300,1301,1250,0,0,1,0,0.9666666666666667,11,1250,1301,1302,1251,0,0,1,0,0.9666666666666667,11,1251,1302,1303,1252,0,0,1,0,0.9666666666666667,11,1252,1303,1304,1253,0,0,1,0,0.9666666666666667,11,1253,1304,1305,1254,0,0,1,0,0.9666666666666667,11,1254,1305,1306,1255,0,0,1,0,0.9666666666666667,11,1255,1306,1307,1256,0,0,1,0,0.9666666666666667,11,1256,1307,1308,1257,0,0,1,0,0.9666666666666667,11,1257,1308,1309,1258,0,0,1,0,0.9666666666666667,11,1258,1309,1310,1259,0,0,1,0,0.9666666666666667,11,1259,1310,1311,1260,0,0,1,0,0.9666666666666667,11,1260,1311,1312,1261,0,0,1,0,0.9666666666666667,11,1261,1312,1313,1262,0,0,1,0,0.9666666666666667,11,1262,1313,1314,1263,0,0,1,0,0.9666666666666667,11,1263,1314,1315,1264,0,0,1,0,0.9666666666666667,11,1264,1315,1316,1265,0,0,1,0,0.9666666666666667,11,1265,1316,1317,1266,0,0,1,0,0.9666666666666667,11,1266,1317,1318,1267,0,0,1,0,0.9666666666666667,11,1267,1318,1319,1268,0,0,1,0,0.9666666666666667,11,1268,1319,1320,1269,0,0,1,0,0.9666666666666667,11,1269,1320,1321,1270,0,0,1,0,0.9666666666666667,11,1270,1321,1322,1271,0,0,1,0,0.9666666666666667,11,1271,1322,1323,1272,0,0,1,0,0.9666666666666667,11,1272,1323,1324,1273,0,0,1,0,0.9666666666666667,11,1273,1324,1325,1274,0,0,1,0,0.9666666666666667,11,1275,1326,1327,1276,0,0,1,0,0.9666666666666667,11,1276,1327,1328,1277,0,0,1,0,0.9666666666666667,11,1277,1328,1329,1278,0,0,1,0,0.9666666666666667,11,1278,1329,1330,1279,0,0,1,0,0.9666666666666667,11,1279,1330,1331,1280,0,0,1,0,0.9666666666666667,11,1280,1331,1332,1281,0,0,1,0,0.9666666666666667,11,1281,1332,1333,1282,0,0,1,0,0.9666666666666667,11,1282,1333,1334,1283,0,0,1,0,0.9666666666666667,11,1283,1334,1335,1284,0,0,1,0,0.9666666666666667,11,1284,1335,1336,1285,0,0,1,0,0.9666666666666667,11,1285,1336,1337,1286,0,0,1,0,0.9666666666666667,11,1286,1337,1338,1287,0,0,1,0,0.9666666666666667,11,1287,1338,1339,1288,0,0,1,0,0.9666666666666667,11,1288,1339,1340,1289,0,0,1,0,0.9666666666666667,11,1289,1340,1341,1290,0,0,1,0,0.9666666666666667,11,1290,1341,1342,1291,0,0,1,0,0.9666666666666667,11,1291,1342,1343,1292,0,0,1,0,0.9666666666666667,11,1292,1343,1344,1293,0,0,1,0,0.9666666666666667,11,1293,1344,1345,1294,0,0,1,0,0.9666666666666667,11,1294,1345,1346,1295,0,0,1,0,0.9666666666666667,11,1295,1346,1347,1296,0,0,1,0,0.9666666666666667,11,1296,1347,1348,1297,0,0,1,0,0.9666666666666667,11,1297,1348,1349,1298,0,0,1,0,0.9666666666666667,11,1298,1349,1350,1299,0,0,1,0,0.9666666666666667,11,1299,1350,1351,1300,0,0,1,0,0.9666666666666667,11,1300,1351,1352,1301,0,0,1,0,0.9666666666666667,11,1301,1352,1353,1302,0,0,1,0,0.9666666666666667,11,1302,1353,1354,1303,0,0,1,0,0.9666666666666667,11,1303,1354,1355,1304,0,0,1,0,0.9666666666666667,11,1304,1355,1356,1305,0,0,1,0,0.9666666666666667,11,1305,1356,1357,1306,0,0,1,0,0.9666666666666667,11,1306,1357,1358,1307,0,0,1,0,0.9666666666666667,11,1307,1358,1359,1308,0,0,1,0,0.9666666666666667,11,1308,1359,1360,1309,0,0,1,0,0.9666666666666667,11,1309,1360,1361,1310,0,0,1,0,0.9666666666666667,11,1310,1361,1362,1311,0,0,1,0,0.9666666666666667,11,1311,1362,1363,1312,0,0,1,0,0.9666666666666667,11,1312,1363,1364,1313,0,0,1,0,0.9666666666666667,11,1313,1364,1365,1314,0,0,1,0,0.9666666666666667,11,1314,1365,1366,1315,0,0,1,0,0.9666666666666667,11,1315,1366,1367,1316,0,0,1,0,0.9666666666666667,11,1316,1367,1368,1317,0,0,1,0,0.9666666666666667,11,1317,1368,1369,1318,0,0,1,0,0.9666666666666667,11,1318,1369,1370,1319,0,0,1,0,0.9666666666666667,11,1319,1370,1371,1320,0,0,1,0,0.9666666666666667,11,1320,1371,1372,1321,0,0,1,0,0.9666666666666667,11,1321,1372,1373,1322,0,0,1,0,0.9666666666666667,11,1322,1373,1374,1323,0,0,1,0,0.9666666666666667,11,1323,1374,1375,1324,0,0,1,0,0.9666666666666667,11,1324,1375,1376,1325,0,0,1,0,0.9666666666666667,11,1326,1377,1378,1327,0,0,1,0,0.9666666666666667,11,1327,1378,1379,1328,0,0,1,0,0.9666666666666667,11,1328,1379,1380,1329,0,0,1,0,0.9666666666666667,11,1329,1380,1381,1330,0,0,1,0,0.9666666666666667,11,1330,1381,1382,1331,0,0,1,0,0.9666666666666667,11,1331,1382,1383,1332,0,0,1,0,0.9666666666666667,11,1332,1383,1384,1333,0,0,1,0,0.9666666666666667,11,1333,1384,1385,1334,0,0,1,0,0.9666666666666667,11,1334,1385,1386,1335,0,0,1,0,0.9666666666666667,11,1335,1386,1387,1336,0,0,1,0,0.9666666666666667,11,1336,1387,1388,1337,0,0,1,0,0.9666666666666667,11,1337,1388,1389,1338,0,0,1,0,0.9666666666666667,11,1338,1389,1390,1339,0,0,1,0,0.9666666666666667,11,1339,1390,1391,1340,0,0,1,0,0.9666666666666667,11,1340,1391,1392,1341,0,0,1,0,0.9666666666666667,11,1341,1392,1393,1342,0,0,1,0,0.9666666666666667,11,1342,1393,1394,1343,0,0,1,0,0.9666666666666667,11,1343,1394,1395,1344,0,0,1,0,0.9666666666666667,11,1344,1395,1396,1345,0,0,1,0,0.9666666666666667,11,1345,1396,1397,1346,0,0,1,0,0.9666666666666667,11,1346,1397,1398,1347,0,0,1,0,0.9666666666666667,11,1347,1398,1399,1348,0,0,1,0,0.9666666666666667,11,1348,1399,1400,1349,0,0,1,0,0.9666666666666667,11,1349,1400,1401,1350,0,0,1,0,0.9666666666666667,11,1350,1401,1402,1351,0,0,1,0,0.9666666666666667,11,1351,1402,1403,1352,0,0,1,0,0.9666666666666667,11,1352,1403,1404,1353,0,0,1,0,0.9666666666666667,11,1353,1404,1405,1354,0,0,1,0,0.9666666666666667,11,1354,1405,1406,1355,0,0,1,0,0.9666666666666667,11,1355,1406,1407,1356,0,0,1,0,0.9666666666666667,11,1356,1407,1408,1357,0,0,1,0,0.9666666666666667,11,1357,1408,1409,1358,0,0,1,0,0.9666666666666667,11,1358,1409,1410,1359,0,0,1,0,0.9666666666666667,11,1359,1410,1411,1360,0,0,1,0,0.9666666666666667,11,1360,1411,1412,1361,0,0,1,0,0.9666666666666667,11,1361,1412,1413,1362,0,0,1,0,0.9666666666666667,11,1362,1413,1414,1363,0,0,1,0,0.9666666666666667,11,1363,1414,1415,1364,0,0,1,0,0.9666666666666667,11,1364,1415,1416,1365,0,0,1,0,0.9666666666666667,11,1365,1416,1417,1366,0,0,1,0,0.9666666666666667,11,1366,1417,1418,1367,0,0,1,0,0.9666666666666667,11,1367,1418,1419,1368,0,0,1,0,0.9666666666666667,11,1368,1419,1420,1369,0,0,1,0,0.9666666666666667,11,1369,1420,1421,1370,0,0,1,0,0.9666666666666667,11,1370,1421,1422,1371,0,0,1,0,0.9666666666666667,11,1371,1422,1423,1372,0,0,1,0,0.9666666666666667,11,1372,1423,1424,1373,0,0,1,0,0.9666666666666667,11,1373,1424,1425,1374,0,0,1,0,0.9666666666666667,11,1374,1425,1426,1375,0,0,1,0,0.9666666666666667,11,1375,1426,1427,1376,0,0,1,0,0.9666666666666667,11,1377,1428,1429,1378,0,0,1,0,0.9666666666666667,11,1378,1429,1430,1379,0,0,1,0,0.9666666666666667,11,1379,1430,1431,1380,0,0,1,0,0.9666666666666667,11,1380,1431,1432,1381,0,0,1,0,0.9666666666666667,11,1381,1432,1433,1382,0,0,1,0,0.9666666666666667,11,1382,1433,1434,1383,0,0,1,0,0.9666666666666667,11,1383,1434,1435,1384,0,0,1,0,0.9666666666666667,11,1384,1435,1436,1385,0,0,1,0,0.9666666666666667,11,1385,1436,1437,1386,0,0,1,0,0.9666666666666667,11,1386,1437,1438,1387,0,0,1,0,0.9666666666666667,11,1387,1438,1439,1388,0,0,1,0,0.9666666666666667,11,1388,1439,1440,1389,0,0,1,0,0.9666666666666667,11,1389,1440,1441,1390,0,0,1,0,0.9666666666666667,11,1390,1441,1442,1391,0,0,1,0,0.9666666666666667,11,1391,1442,1443,1392,0,0,1,0,0.9666666666666667,11,1392,1443,1444,1393,0,0,1,0,0.9666666666666667,11,1393,1444,1445,1394,0,0,1,0,0.9666666666666667,11,1394,1445,1446,1395,0,0,1,0,0.9666666666666667,11,1395,1446,1447,1396,0,0,1,0,0.9666666666666667,11,1396,1447,1448,1397,0,0,1,0,0.9666666666666667,11,1397,1448,1449,1398,0,0,1,0,0.9666666666666667,11,1398,1449,1450,1399,0,0,1,0,0.9666666666666667,11,1399,1450,1451,1400,0,0,1,0,0.9666666666666667,11,1400,1451,1452,1401,0,0,1,0,0.9666666666666667,11,1401,1452,1453,1402,0,0,1,0,0.9666666666666667,11,1402,1453,1454,1403,0,0,1,0,0.9666666666666667,11,1403,1454,1455,1404,0,0,1,0,0.9666666666666667,11,1404,1455,1456,1405,0,0,1,0,0.9666666666666667,11,1405,1456,1457,1406,0,0,1,0,0.9666666666666667,11,1406,1457,1458,1407,0,0,1,0,0.9666666666666667,11,1407,1458,1459,1408,0,0,1,0,0.9666666666666667,11,1408,1459,1460,1409,0,0,1,0,0.9666666666666667,11,1409,1460,1461,1410,0,0,1,0,0.9666666666666667,11,1410,1461,1462,1411,0,0,1,0,0.9666666666666667,11,1411,1462,1463,1412,0,0,1,0,0.9666666666666667,11,1412,1463,1464,1413,0,0,1,0,0.9666666666666667,11,1413,1464,1465,1414,0,0,1,0,0.9666666666666667,11,1414,1465,1466,1415,0,0,1,0,0.9666666666666667,11,1415,1466,1467,1416,0,0,1,0,0.9666666666666667,11,1416,1467,1468,1417,0,0,1,0,0.9666666666666667,11,1417,1468,1469,1418,0,0,1,0,0.9666666666666667,11,1418,1469,1470,1419,0,0,1,0,0.9666666666666667,11,1419,1470,1471,1420,0,0,1,0,0.9666666666666667,11,1420,1471,1472,1421,0,0,1,0,0.9666666666666667,11,1421,1472,1473,1422,0,0,1,0,0.9666666666666667,11,1422,1473,1474,1423,0,0,1,0,0.9666666666666667,11,1423,1474,1475,1424,0,0,1,0,0.9666666666666667,11,1424,1475,1476,1425,0,0,1,0,0.9666666666666667,11,1425,1476,1477,1426,0,0,1,0,0.9666666666666667,11,1426,1477,1478,1427,0,0,1,0,0.9666666666666667,11,1428,1479,1480,1429,0,0,1,0,0.9666666666666667,11,1429,1480,1481,1430,0,0,1,0,0.9666666666666667,11,1430,1481,1482,1431,0,0,1,0,0.9666666666666667,11,1431,1482,1483,1432,0,0,1,0,0.9666666666666667,11,1432,1483,1484,1433,0,0,1,0,0.9666666666666667,11,1433,1484,1485,1434,0,0,1,0,0.9666666666666667,11,1434,1485,1486,1435,0,0,1,0,0.9666666666666667,11,1435,1486,1487,1436,0,0,1,0,0.9666666666666667,11,1436,1487,1488,1437,0,0,1,0,0.9666666666666667,11,1437,1488,1489,1438,0,0,1,0,0.9666666666666667,11,1438,1489,1490,1439,0,0,1,0,0.9666666666666667,11,1439,1490,1491,1440,0,0,1,0,0.9666666666666667,11,1440,1491,1492,1441,0,0,1,0,0.9666666666666667,11,1441,1492,1493,1442,0,0,1,0,0.9666666666666667,11,1442,1493,1494,1443,0,0,1,0,0.9666666666666667,11,1443,1494,1495,1444,0,0,1,0,0.9666666666666667,11,1444,1495,1496,1445,0,0,1,0,0.9666666666666667,11,1445,1496,1497,1446,0,0,1,0,0.9666666666666667,11,1446,1497,1498,1447,0,0,1,0,0.9666666666666667,11,1447,1498,1499,1448,0,0,1,0,0.9666666666666667,11,1448,1499,1500,1449,0,0,1,0,0.9666666666666667,11,1449,1500,1501,1450,0,0,1,0,0.9666666666666667,11,1450,1501,1502,1451,0,0,1,0,0.9666666666666667,11,1451,1502,1503,1452,0,0,1,0,0.9666666666666667,11,1452,1503,1504,1453,0,0,1,0,0.9666666666666667,11,1453,1504,1505,1454,0,0,1,0,0.9666666666666667,11,1454,1505,1506,1455,0,0,1,0,0.9666666666666667,11,1455,1506,1507,1456,0,0,1,0,0.9666666666666667,11,1456,1507,1508,1457,0,0,1,0,0.9666666666666667,11,1457,1508,1509,1458,0,0,1,0,0.9666666666666667,11,1458,1509,1510,1459,0,0,1,0,0.9666666666666667,11,1459,1510,1511,1460,0,0,1,0,0.9666666666666667,11,1460,1511,1512,1461,0,0,1,0,0.9666666666666667,11,1461,1512,1513,1462,0,0,1,0,0.9666666666666667,11,1462,1513,1514,1463,0,0,1,0,0.9666666666666667,11,1463,1514,1515,1464,0,0,1,0,0.9666666666666667,11,1464,1515,1516,1465,0,0,1,0,0.9666666666666667,11,1465,1516,1517,1466,0,0,1,0,0.9666666666666667,11,1466,1517,1518,1467,0,0,1,0,0.9666666666666667,11,1467,1518,1519,1468,0,0,1,0,0.9666666666666667,11,1468,1519,1520,1469,0,0,1,0,0.9666666666666667,11,1469,1520,1521,1470,0,0,1,0,0.9666666666666667,11,1470,1521,1522,1471,0,0,1,0,0.9666666666666667,11,1471,1522,1523,1472,0,0,1,0,0.9666666666666667,11,1472,1523,1524,1473,0,0,1,0,0.9666666666666667,11,1473,1524,1525,1474,0,0,1,0,0.9666666666666667,11,1474,1525,1526,1475,0,0,1,0,0.9666666666666667,11,1475,1526,1527,1476,0,0,1,0,0.9666666666666667,11,1476,1527,1528,1477,0,0,1,0,0.9666666666666667,11,1477,1528,1529,1478,0,0,1,0,0.9666666666666667,11,1479,1530,1531,1480,0,0,1,0,0.9666666666666667,11,1480,1531,1532,1481,0,0,1,0,0.9666666666666667,11,1481,1532,1533,1482,0,0,1,0,0.9666666666666667,11,1482,1533,1534,1483,0,0,1,0,0.9666666666666667,11,1483,1534,1535,1484,0,0,1,0,0.9666666666666667,11,1484,1535,1536,1485,0,0,1,0,0.9666666666666667,11,1485,1536,1537,1486,0,0,1,0,0.9666666666666667,11,1486,1537,1538,1487,0,0,1,0,0.9666666666666667,11,1487,1538,1539,1488,0,0,1,0,0.9666666666666667,11,1488,1539,1540,1489,0,0,1,0,0.9666666666666667,11,1489,1540,1541,1490,0,0,1,0,0.9666666666666667,11,1490,1541,1542,1491,0,0,1,0,0.9666666666666667,11,1491,1542,1543,1492,0,0,1,0,0.9666666666666667,11,1492,1543,1544,1493,0,0,1,0,0.9666666666666667,11,1493,1544,1545,1494,0,0,1,0,0.9666666666666667,11,1494,1545,1546,1495,0,0,1,0,0.9666666666666667,11,1495,1546,1547,1496,0,0,1,0,0.9666666666666667,11,1496,1547,1548,1497,0,0,1,0,0.9666666666666667,11,1497,1548,1549,1498,0,0,1,0,0.9666666666666667,11,1498,1549,1550,1499,0,0,1,0,0.9666666666666667,11,1499,1550,1551,1500,0,0,1,0,0.9666666666666667,11,1500,1551,1552,1501,0,0,1,0,0.9666666666666667,11,1501,1552,1553,1502,0,0,1,0,0.9666666666666667,11,1502,1553,1554,1503,0,0,1,0,0.9666666666666667,11,1503,1554,1555,1504,0,0,1,0,0.9666666666666667,11,1504,1555,1556,1505,0,0,1,0,0.9666666666666667,11,1505,1556,1557,1506,0,0,1,0,0.9666666666666667,11,1506,1557,1558,1507,0,0,1,0,0.9666666666666667,11,1507,1558,1559,1508,0,0,1,0,0.9666666666666667,11,1508,1559,1560,1509,0,0,1,0,0.9666666666666667,11,1509,1560,1561,1510,0,0,1,0,0.9666666666666667,11,1510,1561,1562,1511,0,0,1,0,0.9666666666666667,11,1511,1562,1563,1512,0,0,1,0,0.9666666666666667,11,1512,1563,1564,1513,0,0,1,0,0.9666666666666667,11,1513,1564,1565,1514,0,0,1,0,0.9666666666666667,11,1514,1565,1566,1515,0,0,1,0,0.9666666666666667,11,1515,1566,1567,1516,0,0,1,0,0.9666666666666667,11,1516,1567,1568,1517,0,0,1,0,0.9666666666666667,11,1517,1568,1569,1518,0,0,1,0,0.9666666666666667,11,1518,1569,1570,1519,0,0,1,0,0.9666666666666667,11,1519,1570,1571,1520,0,0,1,0,0.9666666666666667,11,1520,1571,1572,1521,0,0,1,0,0.9666666666666667,11,1521,1572,1573,1522,0,0,1,0,0.9666666666666667,11,1522,1573,1574,1523,0,0,1,0,0.9666666666666667,11,1523,1574,1575,1524,0,0,1,0,0.9666666666666667,11,1524,1575,1576,1525,0,0,1,0,0.9666666666666667,11,1525,1576,1577,1526,0,0,1,0,0.9666666666666667,11,1526,1577,1578,1527,0,0,1,0,0.9666666666666667,11,1527,1578,1579,1528,0,0,1,0,0.9666666666666667,11,1528,1579,1580,1529,0,0,1,0,0.9666666666666667]', '[]', '[]', '[]', 1, NULL, NULL, 'TERRAIN', '[[0,1,0,0.9666666666666667,0,1,0,0,0,1,0,0.9666666666666667,0,1,0,0,0,1,0,0.9666666666666667,0,1,0,0,0,1,0,0.9666666666666667,0,1,0,0,0,1,0,0.9666666666666667,0,1,0,0,0,1,0,0.9666666666666667,0,1,0,0,0,1,0,0.9666666666666667,0,1,0,0,0,1,0,0.9666666666666667,0,1,0,0,0,1,0,0.9666666666666667,0,1,0,0,0,1,0,0.9666666666666667,0,1,0,0,0,1,0,0.9666666666666667,0,1,0,0,0,1,0,0.9666666666666667,0,1,0,0,0,1,0,0.9666666666666667,0,1,0,0,0,1,0,0.9666666666666667,0,1,0,0,0,1,0,0.9666666666666667,0,1,0,0,0,1,0,0.9666666666666667,0,1,0,0,0,1,0,0.9666666666666667,0,1,0,0,0,1,0,0.9666666666666667,0,1,0,0,0,1,0,0.9666666666666667,0,1,0,0,0,1,0,0.9666666666666667,0,1,0,0,0,1,0,0.9666666666666667,0,1,0,0,0,1,0,0.9666666666666667,0,1,0,0,0,1,0,0.9666666666666667,0,1,0,0,0,1,0,0.9666666666666667,0,1,0,0,0,1,0,0.9666666666666667,0,1,0,0,0,1,0,0.9666666666666667,0,1,0,0,0,1,0,0.9666666666666667,0,1,0,0,0,1,0,0.9666666666666667,0,1,0,0,0,1,0,0.9666666666666667,0,1,0,0,0,1,0,0.9666666666666667,0,1,0,0,0,1,0,0.9666666666666667,0,1,0,0,0,1,0,0.9666666666666667,0,1,0,0,0,1,0,0.9666666666666667,0,1,0,0,0,1,0,0.9666666666666667,0,1,0,0,0,1,0,0.9666666666666667,0,1,0,0,0,1,0,0.9666666666666667,0,1,0,0,0,1,0,0.9666666666666667,0,1,0,0,0,1,0,0.9666666666666667,0,1,0,0,0,1,0,0.9666666666666667,0,1,0,0,0,1,0,0.9666666666666667,0,1,0,0,0,1,0,0.9666666666666667,0,1,0,0,0,1,0,0.9666666666666667,0,1,0,0,0,1,0,0.9666666666666667,0,1,0,0,0,1,0,0.9666666666666667,0,1,0,0,0,1,0,0.9666666666666667,0,1,0,0,0,1,0,0.9666666666666667,0,1,0,0,0,1,0,0.9666666666666667,0,1,0,0,0,1,0,0.9666666666666667,0,1,0,0,0,1,0,0.9666666666666667,0,1,0,0,0,1,0,0.9666666666666667,0,1,0,0,0,1,0,0.9666666666666667,0,1,0,0,0,1,0,0.9666666666666667,0,1,0,0,0,1,0,0.9666666666666667,0,1,0,0,0,1,0,0.9666666666666667,0,1,0,0,0,1,0,0.9666666666666667,0,1,0,0,0,1,0,0.9666666666666667,0,1,0,0,0,1,0,0.9666666666666667,0,1,0,0,0,1,0,0.9666666666666667,0,1,0,0,0,1,0,0.9666666666666667,0,1,0,0,0,1,0,0.9666666666666667,0,1,0,0,0,1,0,0.9666666666666667,0,1,0,0,0,1,0,0.9666666666666667,0,1,0,0,0,1,0,0.9666666666666667,0,1,0,0,0,1,0,0.9666666666666667,0,1,0,0,0,1,0,0.9666666666666667,0,1,0,0,0,1,0,0.9666666666666667,0,1,0,0,0,1,0,0.9666666666666667,0,1,0,0,0,1,0,0.9666666666666667,0,1,0,0,0,1,0,0.9666666666666667,0,1,0,0,0,1,0,0.9666666666666667,0,1,0,0,0,1,0,0.9666666666666667,0,1,0,0,0,1,0,0.9666666666666667,0,1,0,0,0,1,0,0.9666666666666667,0,1,0,0,0,1,0,0.9666666666666667,0,1,0,0,0,1,0,0.9666666666666667,0,1,0,0,0,1,0,0.9666666666666667,0,1,0,0,0,1,0,0.9666666666666667,0,1,0,0,0,1,0,0.9666666666666667,0,1,0,0,0,1,0,0.9666666666666667,0,1,0,0,0,1,0,0.9666666666666667,0,1,0,0,0,1,0,0.9666666666666667,0,1,0,0,0,1,0,0.9666666666666667,0,1,0,0,0,1,0,0.9666666666666667,0,1,0,0,0,1,0,0.9666666666666667,0,1,0,0,0,1,0,0.9666666666666667,0,1,0,0,0,1,0,0.9666666666666667,0,1,0,0,0,1,0,0.9666666666666667,0,1,0,0,0,1,0,0.9666666666666667,0,1,0,0,0,1,0,0.9666666666666667,0,1,0,0,0,1,0,0.9666666666666667,0,1,0,0,0,1,0,0.9666666666666667,0,1,0,0,0,1,0,0.9666666666666667,0,1,0,0,0,1,0,0.9666666666666667,0,1,0,0,0,1,0,0.9666666666666667,0,1,0,0,0,1,0,0.9666666666666667,0,1,0,0,0,1,0,0.9666666666666667,0,1,0,0,0,1,0,0.9666666666666667,0,1,0,0,0,1,0,0.9666666666666667,0,1,0,0,0,1,0,0.9666666666666667,0,1,0,0,0,1,0,0.9666666666666667,0,1,0,0,0,1,0,0.9666666666666667,0,1,0,0,0,1,0,0.9666666666666667,0,1,0,0,0,1,0,0.9666666666666667,0,1,0,0,0,1,0,0.9666666666666667,0,1,0,0,0,1,0,0.9666666666666667,0,1,0,0,0,1,0,0.9666666666666667,0,1,0,0,0,1,0,0.9666666666666667,0,1,0,0,0,1,0,0.9666666666666667,0,1,0,0,0,1,0,0.9666666666666667,0,1,0,0,0,1,0,0.9666666666666667,0,1,0,0,0,1,0,0.9666666666666667,0,1,0,0,0,1,0,0.9666666666666667,0,1,0,0,0,1,0,0.9666666666666667,0,1,0,0,0,1,0,0.9666666666666667,0,1,0,0,0,1,0,0.9666666666666667,0,1,0,0,0,1,0,0.9666666666666667,0,1,0,0,0,1,0,0.9666666666666667,0,1,0,0,0,1,0,0.9666666666666667,0,1,0,0,0,1,0,0.9666666666666667,0,1,0,0,0,1,0,0.9666666666666667,0,1,0,0,0,1,0,0.9666666666666667,0,1,0,0,0,1,0,0.9666666666666667,0,1,0,0,0,1,0,0.9666666666666667,0,1,0,0,0,1,0,0.9666666666666667,0,1,0,0,0,1,0,0.9666666666666667,0,1,0,0,0,1,0,0.9666666666666667,0,1,0,0,0,1,0,0.9666666666666667,0,1,0,0,0,1,0,0.9666666666666667,0,1,0,0,0,1,0,0.9666666666666667,0,1,0,0,0,1,0,0.9666666666666667,0,1,0,0,0,1,0,0.9666666666666667,0,1,0,0,0,1,0,0.9666666666666667,0,1,0,0,0,1,0,0.9666666666666667,0,1,0,0,0,1,0,0.9666666666666667,0,1,0,0,0,1,0,0.9666666666666667,0,1,0,0,0,1,0,0.9666666666666667,0,1,0,0,0,1,0,0.9666666666666667,0,1,0,0,0,1,0,0.9666666666666667,0,1,0,0,0,1,0,0.9666666666666667,0,1,0,0,0,1,0,0.9666666666666667,0,1,0,0,0,1,0,0.9666666666666667,0,1,0,0,0,1,0,0.9666666666666667,0,1,0,0,0,1,0,0.9666666666666667,0,1,0,0,0,1,0,0.9666666666666667,0,1,0,0,0,1,0,0.9666666666666667,0,1,0,0,0,1,0,0.9666666666666667,0,1,0,0,0,1,0,0.9666666666666667,0,1,0,0,0,1,0,0.9666666666666667,0,1,0,0,0,1,0,0.9666666666666667,0,1,0,0,0,1,0,0.9666666666666667,0,1,0,0,0,1,0,0.9666666666666667,0,1,0,0,0,1,0,0.9666666666666667,0,1,0,0,0,1,0,0.9666666666666667,0,1,0,0,0,1,0,0.9666666666666667,0,1,0,0,0,1,0,0.9666666666666667,0,1,0,0,0,1,0,0.9666666666666667,0,1,0,0,0,1,0,0.9666666666666667,0,1,0,0,0,1,0,0.9666666666666667,0,1,0,0,0,1,0,0.9666666666666667,0,1,0,0,0,1,0,0.9666666666666667,0,1,0,0,0,1,0,0.9666666666666667,0,1,0,0,0,1,0,0.9666666666666667,0,1,0,0,0,1,0,0.9666666666666667,0,1,0,0,0,1,0,0.9666666666666667,0,1,0,0,0,1,0,0.9666666666666667,0,1,0,0,0,1,0,0.9666666666666667,0,1,0,0,0,1,0,0.9666666666666667,0,1,0,0,0,1,0,0.9666666666666667,0,1,0,0,0,1,0,0.9666666666666667,0,1,0,0,0,1,0,0.9666666666666667,0,1,0,0,0,1,0,0.9666666666666667,0,1,0,0,0,1,0,0.9666666666666667,0,1,0,0,0,1,0,0.9666666666666667,0,1,0,0,0,1,0,0.9666666666666667,0,1,0,0,0,1,0,0.9666666666666667,0,1,0,0,0,1,0,0.9666666666666667,0,1,0,0,0,1,0,0.9666666666666667,0,1,0,0,0,1,0,0.9666666666666667,0,1,0,0,0,1,0,0.9666666666666667,0,1,0,0,0,1,0,0.9666666666666667,0,1,0,0,0,1,0,0.9666666666666667,0,1,0,0,0,1,0,0.9666666666666667,0,1,0,0,0,1,0,0.9666666666666667,0,1,0,0,0,1,0,0.9666666666666667,0,1,0,0,0,1,0,0.9666666666666667,0,1,0,0,0,1,0,0.9666666666666667,0,1,0,0,0,1,0,0.9666666666666667,0,1,0,0,0,1,0,0.9666666666666667,0,1,0,0,0,1,0,0.9666666666666667,0,1,0,0,0,1,0,0.9666666666666667,0,1,0,0,0,1,0,0.9666666666666667,0,1,0,0,0,1,0,0.9666666666666667,0,1,0,0,0,1,0,0.9666666666666667,0,1,0,0,0,1,0,0.9666666666666667,0,1,0,0,0,1,0,0.9666666666666667,0,1,0,0,0,1,0,0.9666666666666667,0,1,0,0,0,1,0,0.9666666666666667,0,1,0,0,0,1,0,0.9666666666666667,0,1,0,0,0,1,0,0.9666666666666667,0,1,0,0,0,1,0,0.9666666666666667,0,1,0,0,0,1,0,0.9666666666666667,0,1,0,0,0,1,0,0.9666666666666667,0,1,0,0,0,1,0,0.9666666666666667,0,1,0,0,0,1,0,0.9666666666666667,0,1,0,0,0,1,0,0.9666666666666667,0,1,0,0,0,1,0,0.9666666666666667,0,1,0,0,0,1,0,0.9666666666666667,0,1,0,0,0,1,0,0.9666666666666667,0,1,0,0,0,1,0,0.9666666666666667,0,1,0,0,0,1,0,0.9666666666666667,0,1,0,0,0,1,0,0.9666666666666667,0,1,0,0,0,1,0,0.9666666666666667,0,1,0,0,0,1,0,0.9666666666666667,0,1,0,0,0,1,0,0.9666666666666667,0,1,0,0,0,1,0,0.9666666666666667,0,1,0,0,0,1,0,0.9666666666666667,0,1,0,0,0,1,0,0.9666666666666667,0,1,0,0,0,1,0,0.9666666666666667,0,1,0,0,0,1,0,0.9666666666666667,0,1,0,0,0,1,0,0.9666666666666667,0,1,0,0,0,1,0,0.9666666666666667,0,1,0,0,0,1,0,0.9666666666666667,0,1,0,0,0,1,0,0.9666666666666667,0,1,0,0,0,1,0,0.9666666666666667,0,1,0,0,0,1,0,0.9666666666666667,0,1,0,0,0,1,0,0.9666666666666667,0,1,0,0,0,1,0,0.9666666666666667,0,1,0,0,0,1,0,0.9666666666666667,0,1,0,0,0,1,0,0.9666666666666667,0,1,0,0,0,1,0,0.9666666666666667,0,1,0,0,0,1,0,0.9666666666666667,0,1,0,0,0,1,0,0.9666666666666667,0,1,0,0,0,1,0,0.9666666666666667,0,1,0,0,0,1,0,0.9666666666666667,0,1,0,0,0,1,0,0.9666666666666667,0,1,0,0,0,1,0,0.9666666666666667,0,1,0,0,0,1,0,0.9666666666666667,0,1,0,0,0,1,0,0.9666666666666667,0,1,0,0,0,1,0,0.9666666666666667,0,1,0,0,0,1,0,0.9666666666666667,0,1,0,0,0,1,0,0.9666666666666667,0,1,0,0,0,1,0,0.9666666666666667,0,1,0,0,0,1,0,0.9666666666666667,0,1,0,0,0,1,0,0.9666666666666667,0,1,0,0,0,1,0,0.9666666666666667,0,1,0,0,0,1,0,0.9666666666666667,0,1,0,0,0,1,0,0.9666666666666667,0,1,0,0,0,1,0,0.9666666666666667,0,1,0,0,0,1,0,0.9666666666666667,0,1,0,0,0,1,0,0.9666666666666667,0,1,0,0,0,1,0,0.9666666666666667,0,1,0,0,0,1,0,0.9666666666666667,0,1,0,0,0,1,0,0.9666666666666667,0,1,0,0,0,1,0,0.9666666666666667,0,1,0,0,0,1,0,0.9666666666666667,0,1,0,0,0,1,0,0.9666666666666667,0,1,0,0,0,1,0,0.9666666666666667,0,1,0,0,0,1,0,0.9666666666666667,0,1,0,0,0,1,0,0.9666666666666667,0,1,0,0,0,1,0,0.9666666666666667,0,1,0,0,0,1,0,0.9666666666666667,0,1,0,0,0,1,0,0.9666666666666667,0,1,0,0,0,1,0,0.9666666666666667,0,1,0,0,0,1,0,0.9666666666666667,0,1,0,0,0,1,0,0.9666666666666667,0,1,0,0,0,1,0,0.9666666666666667,0,1,0,0,0,1,0,0.9666666666666667,0,1,0,0,0,1,0,0.9666666666666667,0,1,0,0,0,1,0,0.9666666666666667,0,1,0,0,0,1,0,0.9666666666666667,0,1,0,0,0,1,0,0.9666666666666667,0,1,0,0,0,1,0,0.9666666666666667,0,1,0,0,0,1,0,0.9666666666666667,0,1,0,0,0,1,0,0.9666666666666667,0,1,0,0,0,1,0,0.9666666666666667,0,1,0,0,0,1,0,0.9666666666666667,0,1,0,0,0,1,0,0.9666666666666667,0,1,0,0,0,1,0,0.9666666666666667,0,1,0,0,0,1,0,0.9666666666666667,0,1,0,0,0,1,0,0.9666666666666667,0,1,0,0,0,1,0,0.9666666666666667,0,1,0,0,0,1,0,0.9666666666666667,0,1,0,0,0,1,0,0.9666666666666667,0,1,0,0,0,1,0,0.9666666666666667,0,1,0,0,0,1,0,0.9666666666666667,0,1,0,0,0,1,0,0.9666666666666667,0,1,0,0,0,1,0,0.9666666666666667,0,1,0,0,0,1,0,0.9666666666666667,0,1,0,0,0,1,0,0.9666666666666667,0,1,0,0,0,1,0,0.9666666666666667,0,1,0,0,0,1,0,0.9666666666666667,0,1,0,0,0,1,0,0.9666666666666667,0,1,0,0,0,1,0,0.9666666666666667,0,1,0,0,0,1,0,0.9666666666666667,0,1,0,0,0,1,0,0.9666666666666667,0,1,0,0,0,1,0,0.9666666666666667,0,1,0,0,0,1,0,0.9666666666666667,0,1,0,0,0,1,0,0.9666666666666667,0,1,0,0,0,1,0,0.9666666666666667,0,1,0,0,0,1,0,0.9666666666666667,0,1,0,0,0,1,0,0.9666666666666667,0,1,0,0,0,1,0,0.9666666666666667,0,1,0,0,0,1,0,0.9666666666666667,0,1,0,0,0,1,0,0.9666666666666667,0,1,0,0,0,1,0,0.9666666666666667,0,1,0,0,0,1,0,0.9666666666666667,0,1,0,0,0,1,0,0.9666666666666667,0,1,0,0,0,1,0,0.9666666666666667,0,1,0,0,0,1,0,0.9666666666666667,0,1,0,0,0,1,0,0.9666666666666667,0,1,0,0,0,1,0,0.9666666666666667,0,1,0,0,0,1,0,0.9666666666666667,0,1,0,0,0,1,0,0.9666666666666667,0,1,0,0,0,1,0,0.9666666666666667,0,1,0,0,0,1,0,0.9666666666666667,0,1,0,0,0,1,0,0.9666666666666667,0,1,0,0,0,1,0,0.9666666666666667,0,1,0,0,0,1,0,0.9666666666666667,0,1,0,0,0,1,0,0.9666666666666667,0,1,0,0,0,1,0,0.9666666666666667,0,1,0,0,0,1,0,0.9666666666666667,0,1,0,0,0,1,0,0.9666666666666667,0,1,0,0,0,1,0,0.9666666666666667,0,1,0,0,0,1,0,0.9666666666666667,0,1,0,0,0,1,0,0.9666666666666667,0,1,0,0,0,1,0,0.9666666666666667,0,1,0,0,0,1,0,0.9666666666666667,0,1,0,0,0,1,0,0.9666666666666667,0,1,0,0,0,1,0,0.9666666666666667,0,1,0,0,0,1,0,0.9666666666666667,0,1,0,0,0,1,0,0.9666666666666667,0,1,0,0,0,1,0,0.9666666666666667,0,1,0,0,0,1,0,0.9666666666666667,0,1,0,0,0,1,0,0.9666666666666667,0,1,0,0,0,1,0,0.9666666666666667,0,1,0,0,0,1,0,0.9666666666666667,0,1,0,0,0,1,0,0.9666666666666667,0,1,0,0,0,1,0,0.9666666666666667,0,1,0,0,0,1,0,0.9666666666666667,0,1,0,0,0,1,0,0.9666666666666667,0,1,0,0,0,1,0,0.9666666666666667,0,1,0,0,0,1,0,0.9666666666666667,0,1,0,0,0,1,0,0.9666666666666667,0,1,0,0,0,1,0,0.9666666666666667,0,1,0,0,0,1,0,0.9666666666666667,0,1,0,0,0,1,0,0.9666666666666667,0,1,0,0,0,1,0,0.9666666666666667,0,1,0,0,0,1,0,0.9666666666666667,0,1,0,0,0,1,0,0.9666666666666667,0,1,0,0,0,1,0,0.9666666666666667,0,1,0,0,0,1,0,0.9666666666666667,0,1,0,0,0,1,0,0.9666666666666667,0,1,0,0,0,1,0,0.9666666666666667,0,1,0,0,0,1,0,0.9666666666666667,0,1,0,0,0,1,0,0.9666666666666667,0,1,0,0,0,1,0,0.9666666666666667,0,1,0,0,0,1,0,0.9666666666666667,0,1,0,0,0,1,0,0.9666666666666667,0,1,0,0,0,1,0,0.9666666666666667,0,1,0,0,0,1,0,0.9666666666666667,0,1,0,0,0,1,0,0.9666666666666667,0,1,0,0,0,1,0,0.9666666666666667,0,1,0,0,0,1,0,0.9666666666666667,0,1,0,0,0,1,0,0.9666666666666667,0,1,0,0,0,1,0,0.9666666666666667,0,1,0,0,0,1,0,0.9666666666666667,0,1,0,0,0,1,0,0.9666666666666667,0,1,0,0,0,1,0,0.9666666666666667,0,1,0,0,0,1,0,0.9666666666666667,0,1,0,0,0,1,0,0.9666666666666667,0,1,0,0,0,1,0,0.9666666666666667,0,1,0,0,0,1,0,0.9666666666666667,0,1,0,0,0,1,0,0.9666666666666667,0,1,0,0,0,1,0,0.9666666666666667,0,1,0,0,0,1,0,0.9666666666666667,0,1,0,0,0,1,0,0.9666666666666667,0,1,0,0,0,1,0,0.9666666666666667,0,1,0,0,0,1,0,0.9666666666666667,0,1,0,0,0,1,0,0.9666666666666667,0,1,0,0,0,1,0,0.9666666666666667,0,1,0,0,0,1,0,0.9666666666666667,0,1,0,0,0,1,0,0.9666666666666667,0,1,0,0,0,1,0,0.9666666666666667,0,1,0,0,0,1,0,0.9666666666666667,0,1,0,0,0,1,0,0.9666666666666667,0,1,0,0,0,1,0,0.9666666666666667,0,1,0,0,0,1,0,0.9666666666666667,0,1,0,0,0,1,0,0.9666666666666667,0,1,0,0,0,1,0,0.9666666666666667,0,1,0,0,0,1,0,0.9666666666666667,0,1,0,0,0,1,0,0.9666666666666667,0,1,0,0,0,1,0,0.9666666666666667,0,1,0,0,0,1,0,0.9666666666666667,0,1,0,0,0,1,0,0.9666666666666667,0,1,0,0,0,1,0,0.9666666666666667,0,1,0,0,0,1,0,0.9666666666666667,0,1,0,0,0,1,0,0.9666666666666667,0,1,0,0,0,1,0,0.9666666666666667,0,1,0,0,0,1,0,0.9666666666666667,0,1,0,0,0,1,0,0.9666666666666667,0,1,0,0,0,1,0,0.9666666666666667,0,1,0,0,0,1,0,0.9666666666666667,0,1,0,0,0,1,0,0.9666666666666667,0,1,0,0,0,1,0,0.9666666666666667,0,1,0,0,0,1,0,0.9666666666666667,0,1,0,0,0,1,0,0.9666666666666667,0,1,0,0,0,1,0,0.9666666666666667,0,1,0,0,0,1,0,0.9666666666666667,0,1,0,0,0,1,0,0.9666666666666667,0,1,0,0,0,1,0,0.9666666666666667,0,1,0,0,0,1,0,0.9666666666666667,0,1,0,0,0,1,0,0.9666666666666667,0,1,0,0,0,1,0,0.9666666666666667,0,1,0,0,0,1,0,0.9666666666666667,0,1,0,0,0,1,0,0.9666666666666667,0,1,0,0,0,1,0,0.9666666666666667,0,1,0,0,0,1,0,0.9666666666666667,0,1,0,0,0,1,0,0.9666666666666667,0,1,0,0,0,1,0,0.9666666666666667,0,1,0,0,0,1,0,0.9666666666666667,0,1,0,0,0,1,0,0.9666666666666667,0,1,0,0,0,1,0,0.9666666666666667,0,1,0,0,0,1,0,0.9666666666666667,0,1,0,0,0,1,0,0.9666666666666667,0,1,0,0,0,1,0,0.9666666666666667,0,1,0,0,0,1,0,0.9666666666666667,0,1,0,0,0,1,0,0.9666666666666667,0,1,0,0,0,1,0,0.9666666666666667,0,1,0,0,0,1,0,0.9666666666666667,0,1,0,0,0,1,0,0.9666666666666667,0,1,0,0,0,1,0,0.9666666666666667,0,1,0,0,0,1,0,0.9666666666666667,0,1,0,0,0,1,0,0.9666666666666667,0,1,0,0,0,1,0,0.9666666666666667,0,1,0,0,0,1,0,0.9666666666666667,0,1,0,0,0,1,0,0.9666666666666667,0,1,0,0,0,1,0,0.9666666666666667,0,1,0,0,0,1,0,0.9666666666666667,0,1,0,0,0,1,0,0.9666666666666667,0,1,0,0,0,1,0,0.9666666666666667,0,1,0,0,0,1,0,0.9666666666666667,0,1,0,0,0,1,0,0.9666666666666667,0,1,0,0,0,1,0,0.9666666666666667,0,1,0,0,0,1,0,0.9666666666666667,0,1,0,0,0,1,0,0.9666666666666667,0,1,0,0,0,1,0,0.9666666666666667,0,1,0,0,0,1,0,0.9666666666666667,0,1,0,0,0,1,0,0.9666666666666667,0,1,0,0,0,1,0,0.9666666666666667,0,1,0,0,0,1,0,0.9666666666666667,0,1,0,0,0,1,0,0.9666666666666667,0,1,0,0,0,1,0,0.9666666666666667,0,1,0,0,0,1,0,0.9666666666666667,0,1,0,0,0,1,0,0.9666666666666667,0,1,0,0,0,1,0,0.9666666666666667,0,1,0,0,0,1,0,0.9666666666666667,0,1,0,0,0,1,0,0.9666666666666667,0,1,0,0,0,1,0,0.9666666666666667,0,1,0,0,0,1,0,0.9666666666666667,0,1,0,0,0,1,0,0.9666666666666667,0,1,0,0,0,1,0,0.9666666666666667,0,1,0,0,0,1,0,0.9666666666666667,0,1,0,0,0,1,0,0.9666666666666667,0,1,0,0,0,1,0,0.9666666666666667,0,1,0,0,0,1,0,0.9666666666666667,0,1,0,0,0,1,0,0.9666666666666667,0,1,0,0,0,1,0,0.9666666666666667,0,1,0,0,0,1,0,0.9666666666666667,0,1,0,0,0,1,0,0.9666666666666667,0,1,0,0,0,1,0,0.9666666666666667,0,1,0,0,0,1,0,0.9666666666666667,0,1,0,0,0,1,0,0.9666666666666667,0,1,0,0,0,1,0,0.9666666666666667,0,1,0,0,0,1,0,0.9666666666666667,0,1,0,0,0,1,0,0.9666666666666667,0,1,0,0,0,1,0,0.9666666666666667,0,1,0,0,0,1,0,0.9666666666666667,0,1,0,0,0,1,0,0.9666666666666667,0,1,0,0,0,1,0,0.9666666666666667,0,1,0,0,0,1,0,0.9666666666666667,0,1,0,0,0,1,0,0.9666666666666667,0,1,0,0,0,1,0,0.9666666666666667,0,1,0,0,0,1,0,0.9666666666666667,0,1,0,0,0,1,0,0.9666666666666667,0,1,0,0,0,1,0,0.9666666666666667,0,1,0,0,0,1,0,0.9666666666666667,0,1,0,0,0,1,0,0.9666666666666667,0,1,0,0,0,1,0,0.9666666666666667,0,1,0,0,0,1,0,0.9666666666666667,0,1,0,0,0,1,0,0.9666666666666667,0,1,0,0,0,1,0,0.9666666666666667,0,1,0,0,0,1,0,0.9666666666666667,0,1,0,0,0,1,0,0.9666666666666667,0,1,0,0,0,1,0,0.9666666666666667,0,1,0,0,0,1,0,0.9666666666666667,0,1,0,0,0,1,0,0.9666666666666667,0,1,0,0,0,1,0,0.9666666666666667,0,1,0,0,0,1,0,0.9666666666666667,0,1,0,0,0,1,0,0.9666666666666667,0,1,0,0,0,1,0,0.9666666666666667,0,1,0,0,0,1,0,0.9666666666666667,0,1,0,0,0,1,0,0.9666666666666667,0,1,0,0,0,1,0,0.9666666666666667,0,1,0,0,0,1,0,0.9666666666666667,0,1,0,0,0,1,0,0.9666666666666667,0,1,0,0,0,1,0,0.9666666666666667,0,1,0,0,0,1,0,0.9666666666666667,0,1,0,0,0,1,0,0.9666666666666667,0,1,0,0,0,1,0,0.9666666666666667,0,1,0,0,0,1,0,0.9666666666666667,0,1,0,0,0,1,0,0.9666666666666667,0,1,0,0,0,1,0,0.9666666666666667,0,1,0,0,0,1,0,0.9666666666666667,0,1,0,0,0,1,0,0.9666666666666667,0,1,0,0,0,1,0,0.9666666666666667,0,1,0,0,0,1,0,0.9666666666666667,0,1,0,0,0,1,0,0.9666666666666667,0,1,0,0,0,1,0,0.9666666666666667,0,1,0,0,0,1,0,0.9666666666666667,0,1,0,0,0,1,0,0.9666666666666667,0,1,0,0,0,1,0,0.9666666666666667,0,1,0,0,0,1,0,0.9666666666666667,0,1,0,0,0,1,0,0.9666666666666667,0,1,0,0,0,1,0,0.9666666666666667,0,1,0,0,0,1,0,0.9666666666666667,0,1,0,0,0,1,0,0.9666666666666667,0,1,0,0,0,1,0,0.9666666666666667,0,1,0,0,0,1,0,0.9666666666666667,0,1,0,0,0,1,0,0.9666666666666667,0,1,0,0,0,1,0,0.9666666666666667,0,1,0,0,0,1,0,0.9666666666666667,0,1,0,0,0,1,0,0.9666666666666667,0,1,0,0,0,1,0,0.9666666666666667,0,1,0,0,0,1,0,0.9666666666666667,0,1,0,0,0,1,0,0.9666666666666667,0,1,0,0,0,1,0,0.9666666666666667,0,1,0,0,0,1,0,0.9666666666666667,0,1,0,0,0,1,0,0.9666666666666667,0,1,0,0,0,1,0,0.9666666666666667,0,1,0,0,0,1,0,0.9666666666666667,0,1,0,0,0,1,0,0.9666666666666667,0,1,0,0,0,1,0,0.9666666666666667,0,1,0,0,0,1,0,0.9666666666666667,0,1,0,0,0,1,0,0.9666666666666667,0,1,0,0,0,1,0,0.9666666666666667,0,1,0,0,0,1,0,0.9666666666666667,0,1,0,0,0,1,0,0.9666666666666667,0,1,0,0,0,1,0,0.9666666666666667,0,1,0,0,0,1,0,0.9666666666666667,0,1,0,0,0,1,0,0.9666666666666667,0,1,0,0,0,1,0,0.9666666666666667,0,1,0,0,0,1,0,0.9666666666666667,0,1,0,0,0,1,0,0.9666666666666667,0,1,0,0,0,1,0,0.9666666666666667,0,1,0,0,0,1,0,0.9666666666666667,0,1,0,0,0,1,0,0.9666666666666667,0,1,0,0,0,1,0,0.9666666666666667,0,1,0,0,0,1,0,0.9666666666666667,0,1,0,0,0,1,0,0.9666666666666667,0,1,0,0,0,1,0,0.9666666666666667,0,1,0,0,0,1,0,0.9666666666666667,0,1,0,0,0,1,0,0.9666666666666667,0,1,0,0,0,1,0,0.9666666666666667,0,1,0,0,0,1,0,0.9666666666666667,0,1,0,0,0,1,0,0.9666666666666667,0,1,0,0,0,1,0,0.9666666666666667,0,1,0,0,0,1,0,0.9666666666666667,0,1,0,0,0,1,0,0.9666666666666667,0,1,0,0,0,1,0,0.9666666666666667,0,1,0,0,0,1,0,0.9666666666666667,0,1,0,0,0,1,0,0.9666666666666667,0,1,0,0,0,1,0,0.9666666666666667,0,1,0,0,0,1,0,0.9666666666666667,0,1,0,0,0,1,0,0.9666666666666667,0,1,0,0,0,1,0,0.9666666666666667,0,1,0,0,0,1,0,0.9666666666666667,0,1,0,0,0,1,0,0.9666666666666667,0,1,0,0,0,1,0,0.9666666666666667,0,1,0,0,0,1,0,0.9666666666666667,0,1,0,0,0,1,0,0.9666666666666667,0,1,0,0,0,1,0,0.9666666666666667,0,1,0,0,0,1,0,0.9666666666666667,0,1,0,0,0,1,0,0.9666666666666667,0,1,0,0,0,1,0,0.9666666666666667,0,1,0,0,0,1,0,0.9666666666666667,0,1,0,0,0,1,0,0.9666666666666667,0,1,0,0,0,1,0,0.9666666666666667,0,1,0,0,0,1,0,0.9666666666666667,0,1,0,0,0,1,0,0.9666666666666667,0,1,0,0,0,1,0,0.9666666666666667,0,1,0,0,0,1,0,0.9666666666666667,0,1,0,0,0,1,0,0.9666666666666667,0,1,0,0,0,1,0,0.9666666666666667,0,1,0,0,0,1,0,0.9666666666666667,0,1,0,0,0,1,0,0.9666666666666667,0,1,0,0,0,1,0,0.9666666666666667,0,1,0,0,0,1,0,0.9666666666666667,0,1,0,0,0,1,0,0.9666666666666667,0,1,0,0,0,1,0,0.9666666666666667,0,1,0,0,0,1,0,0.9666666666666667,0,1,0,0,0,1,0,0.9666666666666667,0,1,0,0,0,1,0,0.9666666666666667,0,1,0,0,0,1,0,0.9666666666666667,0,1,0,0,0,1,0,0.9666666666666667,0,1,0,0,0,1,0,0.9666666666666667,0,1,0,0,0,1,0,0.9666666666666667,0,1,0,0,0,1,0,0.9666666666666667,0,1,0,0,0,1,0,0.9666666666666667,0,1,0,0,0,1,0,0.9666666666666667,0,1,0,0,0,1,0,0.9666666666666667,0,1,0,0,0,1,0,0.9666666666666667,0,1,0,0,0,1,0,0.9666666666666667,0,1,0,0,0,1,0,0.9666666666666667,0,1,0,0,0,1,0,0.9666666666666667,0,1,0,0,0,1,0,0.9666666666666667,0,1,0,0,0,1,0,0.9666666666666667,0,1,0,0,0,1,0,0.9666666666666667,0,1,0,0,0,1,0,0.9666666666666667,0,1,0,0,0,1,0,0.9666666666666667,0,1,0,0,0,1,0,0.9666666666666667,0,1,0,0,0,1,0,0.9666666666666667,0,1,0,0,0,1,0,0.9666666666666667,0,1,0,0,0,1,0,0.9666666666666667,0,1,0,0,0,1,0,0.9666666666666667,0,1,0,0,0,1,0,0.9666666666666667,0,1,0,0,0,1,0,0.9666666666666667,0,1,0,0,0,1,0,0.9666666666666667,0,1,0,0,0,1,0,0.9666666666666667,0,1,0,0,0,1,0,0.9666666666666667,0,1,0,0,0,1,0,0.9666666666666667,0,1,0,0,0,1,0,0.9666666666666667,0,1,0,0,0,1,0,0.9666666666666667,0,1,0,0,0,1,0,0.9666666666666667,0,1,0,0,0,1,0,0.9666666666666667,0,1,0,0,0,1,0,0.9666666666666667,0,1,0,0,0,1,0,0.9666666666666667,0,1,0,0,0,1,0,0.9666666666666667,0,1,0,0,0,1,0,0.9666666666666667,0,1,0,0,0,1,0,0.9666666666666667,0,1,0,0,0,1,0,0.9666666666666667,0,1,0,0,0,1,0,0.9666666666666667,0,1,0,0,0,1,0,0.9666666666666667,0,1,0,0,0,1,0,0.9666666666666667,0,1,0,0,0,1,0,0.9666666666666667,0,1,0,0,0,1,0,0.9666666666666667,0,1,0,0,0,1,0,0.9666666666666667,0,1,0,0,0,1,0,0.9666666666666667,0,1,0,0,0,1,0,0.9666666666666667,0,1,0,0,0,1,0,0.9666666666666667,0,1,0,0,0,1,0,0.9666666666666667,0,1,0,0,0,1,0,0.9666666666666667,0,1,0,0,0,1,0,0.9666666666666667,0,1,0,0,0,1,0,0.9666666666666667,0,1,0,0,0,1,0,0.9666666666666667,0,1,0,0,0,1,0,0.9666666666666667,0,1,0,0,0,1,0,0.9666666666666667,0,1,0,0,0,1,0,0.9666666666666667,0,1,0,0,0,1,0,0.9666666666666667,0,1,0,0,0,1,0,0.9666666666666667,0,1,0,0,0,1,0,0.9666666666666667,0,1,0,0,0,1,0,0.9666666666666667,0,1,0,0,0,1,0,0.9666666666666667,0,1,0,0,0,1,0,0.9666666666666667,0,1,0,0,0,1,0,0.9666666666666667,0,1,0,0,0,1,0,0.9666666666666667,0,1,0,0,0,1,0,0.9666666666666667,0,1,0,0,0,1,0,0.9666666666666667,0,1,0,0,0,1,0,0.9666666666666667,0,1,0,0,0,1,0,0.9666666666666667,0,1,0,0,0,1,0,0.9666666666666667,0,1,0,0,0,1,0,0.9666666666666667,0,1,0,0,0,1,0,0.9666666666666667,0,1,0,0,0,1,0,0.9666666666666667,0,1,0,0,0,1,0,0.9666666666666667,0,1,0,0,0,1,0,0.9666666666666667,0,1,0,0,0,1,0,0.9666666666666667,0,1,0,0,0,1,0,0.9666666666666667,0,1,0,0,0,1,0,0.9666666666666667,0,1,0,0,0,1,0,0.9666666666666667,0,1,0,0,0,1,0,0.9666666666666667,0,1,0,0,0,1,0,0.9666666666666667,0,1,0,0,0,1,0,0.9666666666666667,0,1,0,0,0,1,0,0.9666666666666667,0,1,0,0,0,1,0,0.9666666666666667,0,1,0,0,0,1,0,0.9666666666666667,0,1,0,0,0,1,0,0.9666666666666667,0,1,0,0,0,1,0,0.9666666666666667,0,1,0,0,0,1,0,0.9666666666666667,0,1,0,0,0,1,0,0.9666666666666667,0,1,0,0,0,1,0,0.9666666666666667,0,1,0,0,0,1,0,0.9666666666666667,0,1,0,0,0,1,0,0.9666666666666667,0,1,0,0,0,1,0,0.9666666666666667,0,1,0,0,0,1,0,0.9666666666666667,0,1,0,0,0,1,0,0.9666666666666667,0,1,0,0,0,1,0,0.9666666666666667,0,1,0,0,0,1,0,0.9666666666666667,0,1,0,0,0,1,0,0.9666666666666667,0,1,0,0,0,1,0,0.9666666666666667,0,1,0,0,0,1,0,0.9666666666666667,0,1,0,0,0,1,0,0.9666666666666667,0,1,0,0,0,1,0,0.9666666666666667,0,1,0,0,0,1,0,0.9666666666666667,0,1,0,0,0,1,0,0.9666666666666667,0,1,0,0,0,1,0,0.9666666666666667,0,1,0,0,0,1,0,0.9666666666666667,0,1,0,0,0,1,0,0.9666666666666667,0,1,0,0,0,1,0,0.9666666666666667,0,1,0,0,0,1,0,0.9666666666666667,0,1,0,0,0,1,0,0.9666666666666667,0,1,0,0,0,1,0,0.9666666666666667,0,1,0,0,0,1,0,0.9666666666666667,0,1,0,0,0,1,0,0.9666666666666667,0,1,0,0,0,1,0,0.9666666666666667,0,1,0,0,0,1,0,0.9666666666666667,0,1,0,0,0,1,0,0.9666666666666667,0,1,0,0,0,1,0,0.9666666666666667,0,1,0,0,0,1,0,0.9666666666666667,0,1,0,0,0,1,0,0.9666666666666667,0,1,0,0,0,1,0,0.9666666666666667,0,1,0,0,0,1,0,0.9666666666666667,0,1,0,0,0,1,0,0.9666666666666667,0,1,0,0,0,1,0,0.9666666666666667,0,1,0,0,0,1,0,0.9666666666666667,0,1,0,0,0,1,0,0.9666666666666667,0,1,0,0,0,1,0,0.9666666666666667,0,1,0,0,0,1,0,0.9666666666666667,0,1,0,0,0,1,0,0.9666666666666667,0,1,0,0,0,1,0,0.9666666666666667,0,1,0,0,0,1,0,0.9666666666666667,0,1,0,0,0,1,0,0.9666666666666667,0,1,0,0,0,1,0,0.9666666666666667,0,1,0,0,0,1,0,0.9666666666666667,0,1,0,0,0,1,0,0.9666666666666667,0,1,0,0,0,1,0,0.9666666666666667,0,1,0,0,0,1,0,0.9666666666666667,0,1,0,0,0,1,0,0.9666666666666667,0,1,0,0,0,1,0,0.9666666666666667,0,1,0,0,0,1,0,0.9666666666666667,0,1,0,0,0,1,0,0.9666666666666667,0,1,0,0,0,1,0,0.9666666666666667,0,1,0,0,0,1,0,0.9666666666666667,0,1,0,0,0,1,0,0.9666666666666667,0,1,0,0,0,1,0,0.9666666666666667,0,1,0,0,0,1,0,0.9666666666666667,0,1,0,0,0,1,0,0.9666666666666667,0,1,0,0,0,1,0,0.9666666666666667,0,1,0,0,0,1,0,0.9666666666666667,0,1,0,0,0,1,0,0.9666666666666667,0,1,0,0,0,1,0,0.9666666666666667,0,1,0,0,0,1,0,0.9666666666666667,0,1,0,0,0,1,0,0.9666666666666667,0,1,0,0,0,1,0,0.9666666666666667,0,1,0,0,0,1,0,0.9666666666666667,0,1,0,0,0,1,0,0.9666666666666667,0,1,0,0,0,1,0,0.9666666666666667,0,1,0,0,0,1,0,0.9666666666666667,0,1,0,0,0,1,0,0.9666666666666667,0,1,0,0,0,1,0,0.9666666666666667,0,1,0,0,0,1,0,0.9666666666666667,0,1,0,0,0,1,0,0.9666666666666667,0,1,0,0,0,1,0,0.9666666666666667,0,1,0,0,0,1,0,0.9666666666666667,0,1,0,0,0,1,0,0.9666666666666667,0,1,0,0,0,1,0,0.9666666666666667,0,1,0,0,0,1,0,0.9666666666666667,0,1,0,0,0,1,0,0.9666666666666667,0,1,0,0,0,1,0,0.9666666666666667,0,1,0,0,0,1,0,0.9666666666666667,0,1,0,0,0,1,0,0.9666666666666667,0,1,0,0,0,1,0,0.9666666666666667,0,1,0,0,0,1,0,0.9666666666666667,0,1,0,0,0,1,0,0.9666666666666667,0,1,0,0,0,1,0,0.9666666666666667,0,1,0,0,0,1,0,0.9666666666666667,0,1,0,0,0,1,0,0.9666666666666667,0,1,0,0,0,1,0,0.9666666666666667,0,1,0,0,0,1,0,0.9666666666666667,0,1,0,0,0,1,0,0.9666666666666667,0,1,0,0,0,1,0,0.9666666666666667,0,1,0,0,0,1,0,0.9666666666666667,0,1,0,0,0,1,0,0.9666666666666667,0,1,0,0,0,1,0,0.9666666666666667,0,1,0,0,0,1,0,0.9666666666666667,0,1,0,0,0,1,0,0.9666666666666667,0,1,0,0,0,1,0,0.9666666666666667,0,1,0,0,0,1,0,0.9666666666666667,0,1,0,0,0,1,0,0.9666666666666667,0,1,0,0,0,1,0,0.9666666666666667,0,1,0,0,0,1,0,0.9666666666666667,0,1,0,0,0,1,0,0.9666666666666667,0,1,0,0,0,1,0,0.9666666666666667,0,1,0,0,0,1,0,0.9666666666666667,0,1,0,0,0,1,0,0.9666666666666667,0,1,0,0,0,1,0,0.9666666666666667,0,1,0,0,0,1,0,0.9666666666666667,0,1,0,0,0,1,0,0.9666666666666667,0,1,0,0,0,1,0,0.9666666666666667,0,1,0,0,0,1,0,0.9666666666666667,0,1,0,0,0,1,0,0.9666666666666667,0,1,0,0,0,1,0,0.9666666666666667,0,1,0,0,0,1,0,0.9666666666666667,0,1,0,0,0,1,0,0.9666666666666667,0,1,0,0,0,1,0,0.9666666666666667,0,1,0,0,0,1,0,0.9666666666666667,0,1,0,0,0,1,0,0.9666666666666667,0,1,0,0,0,1,0,0.9666666666666667,0,1,0,0,0,1,0,0.9666666666666667,0,1,0,0,0,1,0,0.9666666666666667,0,1,0,0,0,1,0,0.9666666666666667,0,1,0,0,0,1,0,0.9666666666666667,0,1,0,0,0,1,0,0.9666666666666667,0,1,0,0,0,1,0,0.9666666666666667,0,1,0,0,0,1,0,0.9666666666666667,0,1,0,0,0,1,0,0.9666666666666667,0,1,0,0,0,1,0,0.9666666666666667,0,1,0,0,0,1,0,0.9666666666666667,0,1,0,0,0,1,0,0.9666666666666667,0,1,0,0,0,1,0,0.9666666666666667,0,1,0,0,0,1,0,0.9666666666666667,0,1,0,0,0,1,0,0.9666666666666667,0,1,0,0,0,1,0,0.9666666666666667,0,1,0,0,0,1,0,0.9666666666666667,0,1,0,0,0,1,0,0.9666666666666667,0,1,0,0,0,1,0,0.9666666666666667,0,1,0,0,0,1,0,0.9666666666666667,0,1,0,0,0,1,0,0.9666666666666667,0,1,0,0,0,1,0,0.9666666666666667,0,1,0,0,0,1,0,0.9666666666666667,0,1,0,0,0,1,0,0.9666666666666667,0,1,0,0,0,1,0,0.9666666666666667,0,1,0,0,0,1,0,0.9666666666666667,0,1,0,0,0,1,0,0.9666666666666667,0,1,0,0,0,1,0,0.9666666666666667,0,1,0,0,0,1,0,0.9666666666666667,0,1,0,0,0,1,0,0.9666666666666667,0,1,0,0,0,1,0,0.9666666666666667,0,1,0,0,0,1,0,0.9666666666666667,0,1,0,0,0,1,0,0.9666666666666667,0,1,0,0,0,1,0,0.9666666666666667,0,1,0,0,0,1,0,0.9666666666666667,0,1,0,0,0,1,0,0.9666666666666667,0,1,0,0,0,1,0,0.9666666666666667,0,1,0,0,0,1,0,0.9666666666666667,0,1,0,0,0,1,0,0.9666666666666667,0,1,0,0,0,1,0,0.9666666666666667,0,1,0,0,0,1,0,0.9666666666666667,0,1,0,0,0,1,0,0.9666666666666667,0,1,0,0,0,1,0,0.9666666666666667,0,1,0,0,0,1,0,0.9666666666666667,0,1,0,0,0,1,0,0.9666666666666667,0,1,0,0,0,1,0,0.9666666666666667,0,1,0,0,0,1,0,0.9666666666666667,0,1,0,0,0,1,0,0.9666666666666667,0,1,0,0,0,1,0,0.9666666666666667,0,1,0,0,0,1,0,0.9666666666666667,0,1,0,0,0,1,0,0.9666666666666667,0,1,0,0,0,1,0,0.9666666666666667,0,1,0,0,0,1,0,0.9666666666666667,0,1,0,0,0,1,0,0.9666666666666667,0,1,0,0,0,1,0,0.9666666666666667,0,1,0,0,0,1,0,0.9666666666666667,0,1,0,0,0,1,0,0.9666666666666667,0,1,0,0,0,1,0,0.9666666666666667,0,1,0,0,0,1,0,0.9666666666666667,0,1,0,0,0,1,0,0.9666666666666667,0,1,0,0,0,1,0,0.9666666666666667,0,1,0,0,0,1,0,0.9666666666666667,0,1,0,0,0,1,0,0.9666666666666667,0,1,0,0,0,1,0,0.9666666666666667,0,1,0,0,0,1,0,0.9666666666666667,0,1,0,0,0,1,0,0.9666666666666667,0,1,0,0,0,1,0,0.9666666666666667,0,1,0,0,0,1,0,0.9666666666666667,0,1,0,0,0,1,0,0.9666666666666667,0,1,0,0,0,1,0,0.9666666666666667,0,1,0,0,0,1,0,0.9666666666666667,0,1,0,0,0,1,0,0.9666666666666667,0,1,0,0,0,1,0,0.9666666666666667,0,1,0,0,0,1,0,0.9666666666666667,0,1,0,0,0,1,0,0.9666666666666667,0,1,0,0,0,1,0,0.9666666666666667,0,1,0,0,0,1,0,0.9666666666666667,0,1,0,0,0,1,0,0.9666666666666667,0,1,0,0,0,1,0,0.9666666666666667,0,1,0,0,0,1,0,0.9666666666666667,0,1,0,0,0,1,0,0.9666666666666667,0,1,0,0,0,1,0,0.9666666666666667,0,1,0,0,0,1,0,0.9666666666666667,0,1,0,0,0,1,0,0.9666666666666667,0,1,0,0,0,1,0,0.9666666666666667,0,1,0,0,0,1,0,0.9666666666666667,0,1,0,0,0,1,0,0.9666666666666667,0,1,0,0,0,1,0,0.9666666666666667,0,1,0,0,0,1,0,0.9666666666666667,0,1,0,0,0,1,0,0.9666666666666667,0,1,0,0,0,1,0,0.9666666666666667,0,1,0,0,0,1,0,0.9666666666666667,0,1,0,0,0,1,0,0.9666666666666667,0,1,0,0,0,1,0,0.9666666666666667,0,1,0,0,0,1,0,0.9666666666666667,0,1,0,0,0,1,0,0.9666666666666667,0,1,0,0,0,1,0,0.9666666666666667,0,1,0,0,0,1,0,0.9666666666666667,0,1,0,0,0,1,0,0.9666666666666667,0,1,0,0,0,1,0,0.9666666666666667,0,1,0,0,0,1,0,0.9666666666666667,0,1,0,0,0,1,0,0.9666666666666667,0,1,0,0,0,1,0,0.9666666666666667,0,1,0,0,0,1,0,0.9666666666666667,0,1,0,0,0,1,0,0.9666666666666667,0,1,0,0,0,1,0,0.9666666666666667,0,1,0,0,0,1,0,0.9666666666666667,0,1,0,0,0,1,0,0.9666666666666667,0,1,0,0,0,1,0,0.9666666666666667,0,1,0,0,0,1,0,0.9666666666666667,0,1,0,0,0,1,0,0.9666666666666667,0,1,0,0,0,1,0,0.9666666666666667,0,1,0,0,0,1,0,0.9666666666666667,0,1,0,0,0,1,0,0.9666666666666667,0,1,0,0,0,1,0,0.9666666666666667,0,1,0,0,0,1,0,0.9666666666666667,0,1,0,0,0,1,0,0.9666666666666667,0,1,0,0,0,1,0,0.9666666666666667,0,1,0,0,0,1,0,0.9666666666666667,0,1,0,0,0,1,0,0.9666666666666667,0,1,0,0,0,1,0,0.9666666666666667,0,1,0,0,0,1,0,0.9666666666666667,0,1,0,0,0,1,0,0.9666666666666667,0,1,0,0,0,1,0,0.9666666666666667,0,1,0,0,0,1,0,0.9666666666666667,0,1,0,0,0,1,0,0.9666666666666667,0,1,0,0,0,1,0,0.9666666666666667,0,1,0,0,0,1,0,0.9666666666666667,0,1,0,0,0,1,0,0.9666666666666667,0,1,0,0,0,1,0,0.9666666666666667,0,1,0,0,0,1,0,0.9666666666666667,0,1,0,0,0,1,0,0.9666666666666667,0,1,0,0,0,1,0,0.9666666666666667,0,1,0,0,0,1,0,0.9666666666666667,0,1,0,0,0,1,0,0.9666666666666667,0,1,0,0,0,1,0,0.9666666666666667,0,1,0,0,0,1,0,0.9666666666666667,0,1,0,0,0,1,0,0.9666666666666667,0,1,0,0,0,1,0,0.9666666666666667,0,1,0,0,0,1,0,0.9666666666666667,0,1,0,0,0,1,0,0.9666666666666667,0,1,0,0,0,1,0,0.9666666666666667,0,1,0,0,0,1,0,0.9666666666666667,0,1,0,0,0,1,0,0.9666666666666667,0,1,0,0,0,1,0,0.9666666666666667,0,1,0,0,0,1,0,0.9666666666666667,0,1,0,0,0,1,0,0.9666666666666667,0,1,0,0,0,1,0,0.9666666666666667,0,1,0,0,0,1,0,0.9666666666666667,0,1,0,0,0,1,0,0.9666666666666667,0,1,0,0,0,1,0,0.9666666666666667,0,1,0,0,0,1,0,0.9666666666666667,0,1,0,0,0,1,0,0.9666666666666667,0,1,0,0,0,1,0,0.9666666666666667,0,1,0,0,0,1,0,0.9666666666666667,0,1,0,0,0,1,0,0.9666666666666667,0,1,0,0,0,1,0,0.9666666666666667,0,1,0,0,0,1,0,0.9666666666666667,0,1,0,0,0,1,0,0.9666666666666667,0,1,0,0,0,1,0,0.9666666666666667,0,1,0,0,0,1,0,0.9666666666666667,0,1,0,0,0,1,0,0.9666666666666667,0,1,0,0,0,1,0,0.9666666666666667,0,1,0,0,0,1,0,0.9666666666666667,0,1,0,0,0,1,0,0.9666666666666667,0,1,0,0,0,1,0,0.9666666666666667,0,1,0,0,0,1,0,0.9666666666666667,0,1,0,0,0,1,0,0.9666666666666667,0,1,0,0,0,1,0,0.9666666666666667,0,1,0,0,0,1,0,0.9666666666666667,0,1,0,0,0,1,0,0.9666666666666667,0,1,0,0,0,1,0,0.9666666666666667,0,1,0,0,0,1,0,0.9666666666666667,0,1,0,0,0,1,0,0.9666666666666667,0,1,0,0,0,1,0,0.9666666666666667,0,1,0,0,0,1,0,0.9666666666666667,0,1,0,0,0,1,0,0.9666666666666667,0,1,0,0,0,1,0,0.9666666666666667,0,1,0,0,0,1,0,0.9666666666666667,0,1,0,0,0,1,0,0.9666666666666667,0,1,0,0,0,1,0,0.9666666666666667,0,1,0,0,0,1,0,0.9666666666666667,0,1,0,0,0,1,0,0.9666666666666667,0,1,0,0,0,1,0,0.9666666666666667,0,1,0,0,0,1,0,0.9666666666666667,0,1,0,0,0,1,0,0.9666666666666667,0,1,0,0,0,1,0,0.9666666666666667,0,1,0,0,0,1,0,0.9666666666666667,0,1,0,0,0,1,0,0.9666666666666667,0,1,0,0,0,1,0,0.9666666666666667,0,1,0,0,0,1,0,0.9666666666666667,0,1,0,0,0,1,0,0.9666666666666667,0,1,0,0,0,1,0,0.9666666666666667,0,1,0,0,0,1,0,0.9666666666666667,0,1,0,0,0,1,0,0.9666666666666667,0,1,0,0,0,1,0,0.9666666666666667,0,1,0,0,0,1,0,0.9666666666666667,0,1,0,0,0,1,0,0.9666666666666667,0,1,0,0,0,1,0,0.9666666666666667,0,1,0,0,0,1,0,0.9666666666666667,0,1,0,0,0,1,0,0.9666666666666667,0,1,0,0,0,1,0,0.9666666666666667,0,1,0,0,0,1,0,0.9666666666666667,0,1,0,0,0,1,0,0.9666666666666667,0,1,0,0,0,1,0,0.9666666666666667,0,1,0,0,0,1,0,0.9666666666666667,0,1,0,0,0,1,0,0.9666666666666667,0,1,0,0,0,1,0,0.9666666666666667,0,1,0,0,0,1,0,0.9666666666666667,0,1,0,0,0,1,0,0.9666666666666667,0,1,0,0,0,1,0,0.9666666666666667,0,1,0,0,0,1,0,0.9666666666666667,0,1,0,0,0,1,0,0.9666666666666667,0,1,0,0,0,1,0,0.9666666666666667,0,1,0,0,0,1,0,0.9666666666666667,0,1,0,0,0,1,0,0.9666666666666667,0,1,0,0,0,1,0,0.9666666666666667,0,1,0,0,0,1,0,0.9666666666666667,0,1,0,0,0,1,0,0.9666666666666667,0,1,0,0,0,1,0,0.9666666666666667,0,1,0,0,0,1,0,0.9666666666666667,0,1,0,0,0,1,0,0.9666666666666667,0,1,0,0,0,1,0,0.9666666666666667,0,1,0,0,0,1,0,0.9666666666666667,0,1,0,0,0,1,0,0.9666666666666667,0,1,0,0,0,1,0,0.9666666666666667,0,1,0,0,0,1,0,0.9666666666666667,0,1,0,0,0,1,0,0.9666666666666667,0,1,0,0,0,1,0,0.9666666666666667,0,1,0,0,0,1,0,0.9666666666666667,0,1,0,0,0,1,0,0.9666666666666667,0,1,0,0,0,1,0,0.9666666666666667,0,1,0,0,0,1,0,0.9666666666666667,0,1,0,0,0,1,0,0.9666666666666667,0,1,0,0,0,1,0,0.9666666666666667,0,1,0,0,0,1,0,0.9666666666666667,0,1,0,0,0,1,0,0.9666666666666667,0,1,0,0,0,1,0,0.9666666666666667,0,1,0,0,0,1,0,0.9666666666666667,0,1,0,0,0,1,0,0.9666666666666667,0,1,0,0,0,1,0,0.9666666666666667,0,1,0,0,0,1,0,0.9666666666666667,0,1,0,0,0,1,0,0.9666666666666667,0,1,0,0,0,1,0,0.9666666666666667,0,1,0,0,0,1,0,0.9666666666666667,0,1,0,0,0,1,0,0.9666666666666667,0,1,0,0,0,1,0,0.9666666666666667,0,1,0,0,0,1,0,0.9666666666666667,0,1,0,0,0,1,0,0.9666666666666667,0,1,0,0,0,1,0,0.9666666666666667,0,1,0,0,0,1,0,0.9666666666666667,0,1,0,0,0,1,0,0.9666666666666667,0,1,0,0,0,1,0,0.9666666666666667,0,1,0,0,0,1,0,0.9666666666666667,0,1,0,0,0,1,0,0.9666666666666667,0,1,0,0,0,1,0,0.9666666666666667,0,1,0,0,0,1,0,0.9666666666666667,0,1,0,0,0,1,0,0.9666666666666667,0,1,0,0,0,1,0,0.9666666666666667,0,1,0,0,0,1,0,0.9666666666666667,0,1,0,0,0,1,0,0.9666666666666667,0,1,0,0,0,1,0,0.9666666666666667,0,1,0,0,0,1,0,0.9666666666666667,0,1,0,0,0,1,0,0.9666666666666667,0,1,0,0,0,1,0,0.9666666666666667,0,1,0,0,0,1,0,0.9666666666666667,0,1,0,0,0,1,0,0.9666666666666667,0,1,0,0,0,1,0,0.9666666666666667,0,1,0,0,0,1,0,0.9666666666666667,0,1,0,0,0,1,0,0.9666666666666667,0,1,0,0,0,1,0,0.9666666666666667,0,1,0,0,0,1,0,0.9666666666666667,0,1,0,0,0,1,0,0.9666666666666667,0,1,0,0,0,1,0,0.9666666666666667,0,1,0,0,0,1,0,0.9666666666666667,0,1,0,0,0,1,0,0.9666666666666667,0,1,0,0,0,1,0,0.9666666666666667,0,1,0,0,0,1,0,0.9666666666666667,0,1,0,0,0,1,0,0.9666666666666667,0,1,0,0,0,1,0,0.9666666666666667,0,1,0,0,0,1,0,0.9666666666666667,0,1,0,0,0,1,0,0.9666666666666667,0,1,0,0,0,1,0,0.9666666666666667,0,1,0,0,0,1,0,0.9666666666666667,0,1,0,0,0,1,0,0.9666666666666667,0,1,0,0,0,1,0,0.9666666666666667,0,1,0,0,0,1,0,0.9666666666666667,0,1,0,0,0,1,0,0.9666666666666667,0,1,0,0,0,1,0,0.9666666666666667,0,1,0,0,0,1,0,0.9666666666666667,0,1,0,0,0,1,0,0.9666666666666667,0,1,0,0,0,1,0,0.9666666666666667,0,1,0,0,0,1,0,0.9666666666666667,0,1,0,0,0,1,0,0.9666666666666667,0,1,0,0,0,1,0,0.9666666666666667,0,1,0,0,0,1,0,0.9666666666666667,0,1,0,0,0,1,0,0.9666666666666667,0,1,0,0,0,1,0,0.9666666666666667,0,1,0,0,0,1,0,0.9666666666666667,0,1,0,0,0,1,0,0.9666666666666667,0,1,0,0,0,1,0,0.9666666666666667,0,1,0,0,0,1,0,0.9666666666666667,0,1,0,0,0,1,0,0.9666666666666667,0,1,0,0,0,1,0,0.9666666666666667,0,1,0,0,0,1,0,0.9666666666666667,0,1,0,0,0,1,0,0.9666666666666667,0,1,0,0,0,1,0,0.9666666666666667,0,1,0,0,0,1,0,0.9666666666666667,0,1,0,0,0,1,0,0.9666666666666667,0,1,0,0,0,1,0,0.9666666666666667,0,1,0,0,0,1,0,0.9666666666666667,0,1,0,0,0,1,0,0.9666666666666667,0,1,0,0,0,1,0,0.9666666666666667,0,1,0,0,0,1,0,0.9666666666666667,0,1,0,0,0,1,0,0.9666666666666667,0,1,0,0,0,1,0,0.9666666666666667,0,1,0,0,0,1,0,0.9666666666666667,0,1,0,0,0,1,0,0.9666666666666667,0,1,0,0,0,1,0,0.9666666666666667,0,1,0,0,0,1,0,0.9666666666666667,0,1,0,0,0,1,0,0.9666666666666667,0,1,0,0,0,1,0,0.9666666666666667,0,1,0,0,0,1,0,0.9666666666666667,0,1,0,0,0,1,0,0.9666666666666667,0,1,0,0,0,1,0,0.9666666666666667,0,1,0,0,0,1,0,0.9666666666666667,0,1,0,0,0,1,0,0.9666666666666667,0,1,0,0,0,1,0,0.9666666666666667,0,1,0,0,0,1,0,0.9666666666666667,0,1,0,0,0,1,0,0.9666666666666667,0,1,0,0,0,1,0,0.9666666666666667,0,1,0,0,0,1,0,0.9666666666666667,0,1,0,0,0,1,0,0.9666666666666667,0,1,0,0,0,1,0,0.9666666666666667,0,1,0,0,0,1,0,0.9666666666666667,0,1,0,0,0,1,0,0.9666666666666667,0,1,0,0,0,1,0,0.9666666666666667,0,1,0,0,0,1,0,0.9666666666666667,0,1,0,0,0,1,0,0.9666666666666667,0,1,0,0,0,1,0,0.9666666666666667,0,1,0,0,0,1,0,0.9666666666666667,0,1,0,0,0,1,0,0.9666666666666667,0,1,0,0,0,1,0,0.9666666666666667,0,1,0,0,0,1,0,0.9666666666666667,0,1,0,0,0,1,0,0.9666666666666667,0,1,0,0,0,1,0,0.9666666666666667,0,1,0,0,0,1,0,0.9666666666666667,0,1,0,0,0,1,0,0.9666666666666667,0,1,0,0,0,1,0,0.9666666666666667,0,1,0,0,0,1,0,0.9666666666666667,0,1,0,0,0,1,0,0.9666666666666667,0,1,0,0,0,1,0,0.9666666666666667,0,1,0,0,0,1,0,0.9666666666666667,0,1,0,0,0,1,0,0.9666666666666667,0,1,0,0,0,1,0,0.9666666666666667,0,1,0,0,0,1,0,0.9666666666666667,0,1,0,0,0,1,0,0.9666666666666667,0,1,0,0,0,1,0,0.9666666666666667,0,1,0,0,0,1,0,0.9666666666666667,0,1,0,0,0,1,0,0.9666666666666667,0,1,0,0,0,1,0,0.9666666666666667,0,1,0,0,0,1,0,0.9666666666666667,0,1,0,0,0,1,0,0.9666666666666667,0,1,0,0,0,1,0,0.9666666666666667,0,1,0,0,0,1,0,0.9666666666666667,0,1,0,0,0,1,0,0.9666666666666667,0,1,0,0,0,1,0,0.9666666666666667,0,1,0,0,0,1,0,0.9666666666666667,0,1,0,0,0,1,0,0.9666666666666667,0,1,0,0,0,1,0,0.9666666666666667,0,1,0,0,0,1,0,0.9666666666666667,0,1,0,0,0,1,0,0.9666666666666667,0,1,0,0,0,1,0,0.9666666666666667,0,1,0,0,0,1,0,0.9666666666666667,0,1,0,0,0,1,0,0.9666666666666667,0,1,0,0,0,1,0,0.9666666666666667,0,1,0,0,0,1,0,0.9666666666666667,0,1,0,0,0,1,0,0.9666666666666667,0,1,0,0,0,1,0,0.9666666666666667,0,1,0,0,0,1,0,0.9666666666666667,0,1,0,0,0,1,0,0.9666666666666667,0,1,0,0,0,1,0,0.9666666666666667,0,1,0,0,0,1,0,0.9666666666666667,0,1,0,0,0,1,0,0.9666666666666667,0,1,0,0,0,1,0,0.9666666666666667,0,1,0,0,0,1,0,0.9666666666666667,0,1,0,0,0,1,0,0.9666666666666667,0,1,0,0,0,1,0,0.9666666666666667,0,1,0,0,0,1,0,0.9666666666666667,0,1,0,0,0,1,0,0.9666666666666667,0,1,0,0,0,1,0,0.9666666666666667,0,1,0,0,0,1,0,0.9666666666666667,0,1,0,0,0,1,0,0.9666666666666667,0,1,0,0,0,1,0,0.9666666666666667,0,1,0,0,0,1,0,0.9666666666666667,0,1,0,0,0,1,0,0.9666666666666667,0,1,0,0,0,1,0,0.9666666666666667,0,1,0,0,0,1,0,0.9666666666666667,0,1,0,0,0,1,0,0.9666666666666667,0,1,0,0,0,1,0,0.9666666666666667,0,1,0,0,0,1,0,0.9666666666666667,0,1,0,0,0,1,0,0.9666666666666667,0,1,0,0,0,1,0,0.9666666666666667,0,1,0,0,0,1,0,0.9666666666666667,0,1,0,0,0,1,0,0.9666666666666667,0,1,0,0,0,1,0,0.9666666666666667,0,1,0,0,0,1,0,0.9666666666666667,0,1,0,0,0,1,0,0.9666666666666667,0,1,0,0,0,1,0,0.9666666666666667,0,1,0,0,0,1,0,0.9666666666666667,0,1,0,0,0,1,0,0.9666666666666667,0,1,0,0,0,1,0,0.9666666666666667,0,1,0,0,0,1,0,0.9666666666666667,0,1,0,0,0,1,0,0.9666666666666667,0,1,0,0,0,1,0,0.9666666666666667,0,1,0,0,0,1,0,0.9666666666666667,0,1,0,0,0,1,0,0.9666666666666667,0,1,0,0,0,1,0,0.9666666666666667,0,1,0,0,0,1,0,0.9666666666666667,0,1,0,0,0,1,0,0.9666666666666667,0,1,0,0,0,1,0,0.9666666666666667,0,1,0,0,0,1,0,0.9666666666666667,0,1,0,0,0,1,0,0.9666666666666667,0,1,0,0,0,1,0,0.9666666666666667,0,1,0,0,0,1,0,0.9666666666666667,0,1,0,0,0,1,0,0.9666666666666667,0,1,0,0,0,1,0,0.9666666666666667,0,1,0,0,0,1,0,0.9666666666666667,0,1,0,0,0,1,0,0.9666666666666667,0,1,0,0,0,1,0,0.9666666666666667,0,1,0,0,0,1,0,0.9666666666666667,0,1,0,0,0,1,0,0.9666666666666667,0,1,0,0,0,1,0,0.9666666666666667,0,1,0,0,0,1,0,0.9666666666666667,0,1,0,0,0,1,0,0.9666666666666667,0,1,0,0,0,1,0,0.9666666666666667,0,1,0,0,0,1,0,0.9666666666666667,0,1,0,0,0,1,0,0.9666666666666667,0,1,0,0,0,1,0,0.9666666666666667,0,1,0,0,0,1,0,0.9666666666666667,0,1,0,0,0,1,0,0.9666666666666667,0,1,0,0,0,1,0,0.9666666666666667,0,1,0,0,0,1,0,0.9666666666666667,0,1,0,0,0,1,0,0.9666666666666667,0,1,0,0,0,1,0,0.9666666666666667,0,1,0,0,0,1,0,0.9666666666666667,0,1,0,0,0,1,0,0.9666666666666667,0,1,0,0,0,1,0,0.9666666666666667,0,1,0,0,0,1,0,0.9666666666666667,0,1,0,0,0,1,0,0.9666666666666667,0,1,0,0,0,1,0,0.9666666666666667,0,1,0,0,0,1,0,0.9666666666666667,0,1,0,0,0,1,0,0.9666666666666667,0,1,0,0,0,1,0,0.9666666666666667,0,1,0,0,0,1,0,0.9666666666666667,0,1,0,0,0,1,0,0.9666666666666667,0,1,0,0,0,1,0,0.9666666666666667,0,1,0,0,0,1,0,0.9666666666666667,0,1,0,0,0,1,0,0.9666666666666667,0,1,0,0,0,1,0,0.9666666666666667,0,1,0,0,0,1,0,0.9666666666666667,0,1,0,0,0,1,0,0.9666666666666667,0,1,0,0,0,1,0,0.9666666666666667,0,1,0,0,0,1,0,0.9666666666666667,0,1,0,0,0,1,0,0.9666666666666667,0,1,0,0,0,1,0,0.9666666666666667,0,1,0,0,0,1,0,0.9666666666666667,0,1,0,0,0,1,0,0.9666666666666667,0,1,0,0,0,1,0,0.9666666666666667,0,1,0,0,0,1,0,0.9666666666666667,0,1,0,0,0,1,0,0.9666666666666667,0,1,0,0,0,1,0,0.9666666666666667,0,1,0,0,0,1,0,0.9666666666666667,0,1,0,0,0,1,0,0.9666666666666667,0,1,0,0,0,1,0,0.9666666666666667,0,1,0,0,0,1,0,0.9666666666666667,0,1,0,0,0,1,0,0.9666666666666667,0,1,0,0,0,1,0,0.9666666666666667,0,1,0,0,0,1,0,0.9666666666666667,0,1,0,0,0,1,0,0.9666666666666667,0,1,0,0,0,1,0,0.9666666666666667,0,1,0,0,0,1,0,0.9666666666666667,0,1,0,0,0,1,0,0.9666666666666667,0,1,0,0,0,1,0,0.9666666666666667,0,1,0,0,0,1,0,0.9666666666666667,0,1,0,0,0,1,0,0.9666666666666667,0,1,0,0,0,1,0,0.9666666666666667,0,1,0,0,0,1,0,0.9666666666666667,0,1,0,0,0,1,0,0.9666666666666667,0,1,0,0,0,1,0,0.9666666666666667,0,1,0,0,0,1,0,0.9666666666666667,0,1,0,0,0,1,0,0.9666666666666667,0,1,0,0,0,1,0,0.9666666666666667,0,1,0,0,0,1,0,0.9666666666666667,0,1,0,0,0,1,0,0.9666666666666667,0,1,0,0,0,1,0,0.9666666666666667,0,1,0,0,0,1,0,0.9666666666666667,0,1,0,0,0,1,0,0.9666666666666667,0,1,0,0,0,1,0,0.9666666666666667,0,1,0,0,0,1,0,0.9666666666666667,0,1,0,0,0,1,0,0.9666666666666667,0,1,0,0,0,1,0,0.9666666666666667,0,1,0,0,0,1,0,0.9666666666666667,0,1,0,0,0,1,0,0.9666666666666667,0,1,0,0,0,1,0,0.9666666666666667,0,1,0,0,0,1,0,0.9666666666666667,0,1,0,0,0,1,0,0.9666666666666667,0,1,0,0,0,1,0,0.9666666666666667,0,1,0,0,0,1,0,0.9666666666666667,0,1,0,0,0,1,0,0.9666666666666667,0,1,0,0,0,1,0,0.9666666666666667,0,1,0,0,0,1,0,0.9666666666666667,0,1,0,0,0,1,0,0.9666666666666667,0,1,0,0,0,1,0,0.9666666666666667,0,1,0,0,0,1,0,0.9666666666666667,0,1,0,0,0,1,0,0.9666666666666667,0,1,0,0,0,1,0,0.9666666666666667,0,1,0,0,0,1,0,0.9666666666666667,0,1,0,0,0,1,0,0.9666666666666667,0,1,0,0,0,1,0,0.9666666666666667,0,1,0,0,0,1,0,0.9666666666666667,0,1,0,0,0,1,0,0.9666666666666667,0,1,0,0,0,1,0,0.9666666666666667,0,1,0,0,0,1,0,0.9666666666666667,0,1,0,0,0,1,0,0.9666666666666667,0,1,0,0,0,1,0,0.9666666666666667,0,1,0,0,0,1,0,0.9666666666666667,0,1,0,0,0,1,0,0.9666666666666667,0,1,0,0,0,1,0,0.9666666666666667,0,1,0,0,0,1,0,0.9666666666666667,0,1,0,0,0,1,0,0.9666666666666667,0,1,0,0,0,1,0,0.9666666666666667,0,1,0,0,0,1,0,0.9666666666666667,0,1,0,0,0,1,0,0.9666666666666667,0,1,0,0,0,1,0,0.9666666666666667,0,1,0,0,0,1,0,0.9666666666666667,0,1,0,0,0,1,0,0.9666666666666667,0,1,0,0,0,1,0,0.9666666666666667,0,1,0,0,0,1,0,0.9666666666666667,0,1,0,0,0,1,0,0.9666666666666667,0,1,0,0,0,1,0,0.9666666666666667,0,1,0,0,0,1,0,0.9666666666666667,0,1,0,0,0,1,0,0.9666666666666667,0,1,0,0,0,1,0,0.9666666666666667,0,1,0,0,0,1,0,0.9666666666666667,0,1,0,0,0,1,0,0.9666666666666667,0,1,0,0,0,1,0,0.9666666666666667,0,1,0,0,0,1,0,0.9666666666666667,0,1,0,0,0,1,0,0.9666666666666667,0,1,0,0,0,1,0,0.9666666666666667,0,1,0,0,0,1,0,0.9666666666666667,0,1,0,0,0,1,0,0.9666666666666667,0,1,0,0,0,1,0,0.9666666666666667,0,1,0,0,0,1,0,0.9666666666666667,0,1,0,0,0,1,0,0.9666666666666667,0,1,0,0,0,1,0,0.9666666666666667,0,1,0,0,0,1,0,0.9666666666666667,0,1,0,0,0,1,0,0.9666666666666667,0,1,0,0,0,1,0,0.9666666666666667,0,1,0,0,0,1,0,0.9666666666666667,0,1,0,0,0,1,0,0.9666666666666667,0,1,0,0,0,1,0,0.9666666666666667,0,1,0,0,0,1,0,0.9666666666666667,0,1,0,0,0,1,0,0.9666666666666667,0,1,0,0,0,1,0,0.9666666666666667,0,1,0,0,0,1,0,0.9666666666666667,0,1,0,0,0,1,0,0.9666666666666667,0,1,0,0,0,1,0,0.9666666666666667,0,1,0,0,0,1,0,0.9666666666666667,0,1,0,0,0,1,0,0.9666666666666667,0,1,0,0,0,1,0,0.9666666666666667,0,1,0,0,0,1,0,0.9666666666666667,0,1,0,0,0,1,0,0.9666666666666667,0,1,0,0,0,1,0,0.9666666666666667,0,1,0,0,0,1,0,0.9666666666666667,0,1,0,0,0,1,0,0.9666666666666667,0,1,0,0,0,1,0,0.9666666666666667,0,1,0,0,0,1,0,0.9666666666666667,0,1,0,0,0,1,0,0.9666666666666667,0,1,0,0,0,1,0,0.9666666666666667,0,1,0,0,0,1,0,0.9666666666666667,0,1,0,0,0,1,0,0.9666666666666667,0,1,0,0,0,1,0,0.9666666666666667,0,1,0,0,0,1,0,0.9666666666666667,0,1,0,0,0,1,0,0.9666666666666667,0,1,0,0,0,1,0,0.9666666666666667,0,1,0,0,0,1,0,0.9666666666666667,0,1,0,0,0,1,0,0.9666666666666667,0,1,0,0,0,1,0,0.9666666666666667,0,1,0,0,0,1,0,0.9666666666666667,0,1,0,0,0,1,0,0.9666666666666667,0,1,0,0,0,1,0,0.9666666666666667,0,1,0,0,0,1,0,0.9666666666666667,0,1,0,0,0,1,0,0.9666666666666667,0,1,0,0,0,1,0,0.9666666666666667,0,1,0,0,0,1,0,0.9666666666666667,0,1,0,0,0,1,0,0.9666666666666667,0,1,0,0,0,1,0,0.9666666666666667,0,1,0,0,0,1,0,0.9666666666666667,0,1,0,0,0,1,0,0.9666666666666667,0,1,0,0,0,1,0,0.9666666666666667,0,1,0,0,0,1,0,0.9666666666666667,0,1,0,0,0,1,0,0.9666666666666667,0,1,0,0,0,1,0,0.9666666666666667,0,1,0,0,0,1,0,0.9666666666666667,0,1,0,0,0,1,0,0.9666666666666667,0,1,0,0,0,1,0,0.9666666666666667,0,1,0,0,0,1,0,0.9666666666666667,0,1,0,0,0,1,0,0.9666666666666667,0,1,0,0,0,1,0,0.9666666666666667,0,1,0,0,0,1,0,0.9666666666666667,0,1,0,0,0,1,0,0.9666666666666667,0,1,0,0,0,1,0,0.9666666666666667,0,1,0,0,0,1,0,0.9666666666666667,0,1,0,0,0,1,0,0.9666666666666667,0,1,0,0,0,1,0,0.9666666666666667,0,1,0,0,0,1,0,0.9666666666666667,0,1,0,0,0,1,0,0.9666666666666667,0,1,0,0,0,1,0,0.9666666666666667,0,1,0,0,0,1,0,0.9666666666666667,0,1,0,0,0,1,0,0.9666666666666667,0,1,0,0,0,1,0,0.9666666666666667,0,1,0,0,0,1,0,0.9666666666666667,0,1,0,0,0,1,0,0.9666666666666667,0,1,0,0,0,1,0,0.9666666666666667,0,1,0,0,0,1,0,0.9666666666666667,0,1,0,0,0,1,0,0.9666666666666667,0,1,0,0,0,1,0,0.9666666666666667,0,1,0,0,0,1,0,0.9666666666666667,0,1,0,0,0,1,0,0.9666666666666667,0,1,0,0,0,1,0,0.9666666666666667,0,1,0,0,0,1,0,0.9666666666666667,0,1,0,0,0,1,0,0.9666666666666667,0,1,0,0,0,1,0,0.9666666666666667,0,1,0,0,0,1,0,0.9666666666666667,0,1,0,0,0,1,0,0.9666666666666667,0,1,0,0,0,1,0,0.9666666666666667,0,1,0,0,0,1,0,0.9666666666666667,0,1,0,0,0,1,0,0.9666666666666667,0,1,0,0,0,1,0,0.9666666666666667,0,1,0,0,0,1,0,0.9666666666666667,0,1,0,0,0,1,0,0.9666666666666667,0,1,0,0,0,1,0,0.9666666666666667,0,1,0,0,0,1,0,0.9666666666666667,0,1,0,0,0,1,0,0.9666666666666667,0,1,0,0,0,1,0,0.9666666666666667,0,1,0,0,0,1,0,0.9666666666666667,0,1,0,0,0,1,0,0.9666666666666667,0,1,0,0,0,1,0,0.9666666666666667,0,1,0,0,0,1,0,0.9666666666666667,0,1,0,0,0,1,0,0.9666666666666667,0,1,0,0,0,1,0,0.9666666666666667,0,1,0,0,0,1,0,0.9666666666666667,0,1,0,0,0,1,0,0.9666666666666667,0,1,0,0,0,1,0,0.9666666666666667,0,1,0,0,0,1,0,0.9666666666666667,0,1,0,0,0,1,0,0.9666666666666667,0,1,0,0,0,1,0,0.9666666666666667,0,1,0,0,0,1,0,0.9666666666666667,0,1,0,0,0,1,0,0.9666666666666667,0,1,0,0,0,1,0,0.9666666666666667,0,1,0,0,0,1,0,0.9666666666666667,0,1,0,0,0,1,0,0.9666666666666667,0,1,0,0,0,1,0,0.9666666666666667,0,1,0,0,0,1,0,0.9666666666666667,0,1,0,0,0,1,0,0.9666666666666667,0,1,0,0,0,1,0,0.9666666666666667,0,1,0,0,0,1,0,0.9666666666666667,0,1,0,0,0,1,0,0.9666666666666667,0,1,0,0,0,1,0,0.9666666666666667,0,1,0,0,0,1,0,0.9666666666666667,0,1,0,0,0,1,0,0.9666666666666667,0,1,0,0,0,1,0,0.9666666666666667,0,1,0,0,0,1,0,0.9666666666666667,0,1,0,0,0,1,0,0.9666666666666667,0,1,0,0,0,1,0,0.9666666666666667,0,1,0,0,0,1,0,0.9666666666666667,0,1,0,0,0,1,0,0.9666666666666667,0,1,0,0,0,1,0,0.9666666666666667,0,1,0,0,0,1,0,0.9666666666666667,0,1,0,0,0,1,0,0.9666666666666667,0,1,0,0,0,1,0,0.9666666666666667,0,1,0,0,0,1,0,0.9666666666666667,0,1,0,0,0,1,0,0.9666666666666667,0,1,0,0,0,1,0,0.9666666666666667,0,1,0,0,0,1,0,0.9666666666666667,0,1,0,0,0,1,0,0.9666666666666667,0,1,0,0,0,1,0,0.9666666666666667,0,1,0,0,0,1,0,0.9666666666666667,0,1,0,0,0,1,0,0.9666666666666667,0,1,0,0,0,1,0,0.9666666666666667,0,1,0,0,0,1,0,0.9666666666666667,0,1,0,0,0,1,0,0.9666666666666667,0,1,0,0,0,1,0,0.9666666666666667,0,1,0,0]]', '[-250,150,0,-240,150,0,-230,150,0,-220,150,0,-210,150,0,-200,150,0,-190,150,0,-180,150,0,-170,150,0,-160,150,0,-150,150,0,-140,150,0,-130,150,0,-120,150,0,-110,150,0,-100,150,0,-90,150,0,-80,150,0,-70,150,0,-60,150,0,-50,150,0,-40,150,0,-30,150,0,-20,150,0,-10,150,0,0,150,0,10,150,0,20,150,0,30,150,0,40,150,0,50,150,0,60,150,0,70,150,0,80,150,0,90,150,0,100,150,0,110,150,0,120,150,0,130,150,0,140,150,0,150,150,0,160,150,0,170,150,0,180,150,0,190,150,0,200,150,0,210,150,0,220,150,0,230,150,0,240,150,0,250,150,0,-250,140,0,-240,140,0,-230,140,0,-220,140,0,-210,140,0,-200,140,0,-190,140,0,-180,140,0,-170,140,0,-160,140,0,-150,140,0,-140,140,0,-130,140,0,-120,140,0,-110,140,0,-100,140,0,-90,140,0,-80,140,0,-70,140,0,-60,140,0,-50,140,0,-40,140,0,-30,140,0,-20,140,0,-10,140,0,0,140,0,10,140,0,20,140,0,30,140,0,40,140,0,50,140,0,60,140,0,70,140,0,80,140,0,90,140,0,100,140,0,110,140,0,120,140,0,130,140,0,140,140,0,150,140,0,160,140,0,170,140,0,180,140,0,190,140,0,200,140,0,210,140,0,220,140,0,230,140,0,240,140,0,250,140,0,-250,130,0,-240,130,0,-230,130,0,-220,130,0,-210,130,0,-200,130,0,-190,130,0,-180,130,0,-170,130,0,-160,130,0,-150,130,0,-140,130,0,-130,130,0,-120,130,0,-110,130,0,-100,130,0,-90,130,0,-80,130,0,-70,130,0,-60,130,0,-50,130,0,-40,130,0,-30,130,0,-20,130,0,-10,130,0,0,130,0,10,130,0,20,130,0,30,130,0,40,130,0,50,130,0,60,130,0,70,130,0,80,130,0,90,130,0,100,130,0,110,130,0,120,130,0,130,130,0,140,130,0,150,130,0,160,130,0,170,130,0,180,130,0,190,130,0,200,130,0,210,130,0,220,130,0,230,130,0,240,130,0,250,130,0,-250,120,0,-240,120,0,-230,120,0,-220,120,0,-210,120,0,-200,120,0,-190,120,0,-180,120,0,-170,120,0,-160,120,0,-150,120,0,-140,120,0,-130,120,0,-120,120,0,-110,120,0,-100,120,0,-90,120,0,-80,120,0,-70,120,0,-60,120,0,-50,120,0,-40,120,0,-30,120,0,-20,120,0,-10,120,0,0,120,0,10,120,0,20,120,0,30,120,0,40,120,0,50,120,0,60,120,0,70,120,0,80,120,0,90,120,0,100,120,0,110,120,0,120,120,0,130,120,0,140,120,0,150,120,0,160,120,0,170,120,0,180,120,0,190,120,0,200,120,0,210,120,0,220,120,0,230,120,0,240,120,0,250,120,0,-250,110,0,-240,110,0,-230,110,0,-220,110,0,-210,110,0,-200,110,0,-190,110,0,-180,110,0,-170,110,0,-160,110,0,-150,110,0,-140,110,0,-130,110,0,-120,110,0,-110,110,0,-100,110,0,-90,110,0,-80,110,0,-70,110,0,-60,110,0,-50,110,0,-40,110,0,-30,110,0,-20,110,0,-10,110,0,0,110,0,10,110,0,20,110,0,30,110,0,40,110,0,50,110,0,60,110,0,70,110,0,80,110,0,90,110,0,100,110,0,110,110,0,120,110,0,130,110,0,140,110,0,150,110,0,160,110,0,170,110,0,180,110,0,190,110,0,200,110,0,210,110,0,220,110,0,230,110,0,240,110,0,250,110,0,-250,100,0,-240,100,0,-230,100,0,-220,100,0,-210,100,0,-200,100,0,-190,100,0,-180,100,0,-170,100,0,-160,100,0,-150,100,0,-140,100,0,-130,100,0,-120,100,0,-110,100,0,-100,100,0,-90,100,0,-80,100,0,-70,100,0,-60,100,0,-50,100,0,-40,100,0,-30,100,0,-20,100,0,-10,100,0,0,100,0,10,100,0,20,100,0,30,100,0,40,100,0,50,100,0,60,100,0,70,100,0,80,100,0,90,100,0,100,100,0,110,100,0,120,100,0,130,100,0,140,100,0,150,100,0,160,100,0,170,100,0,180,100,0,190,100,0,200,100,0,210,100,0,220,100,0,230,100,0,240,100,0,250,100,0,-250,90,0,-240,90,0,-230,90,0,-220,90,0,-210,90,0,-200,90,0,-190,90,0,-180,90,0,-170,90,0,-160,90,0,-150,90,0,-140,90,0,-130,90,0,-120,90,0,-110,90,0,-100,90,0,-90,90,0,-80,90,0,-70,90,0,-60,90,0,-50,90,0,-40,90,0,-30,90,0,-20,90,0,-10,90,0,0,90,0,10,90,0,20,90,0,30,90,0,40,90,0,50,90,0,60,90,0,70,90,0,80,90,0,90,90,0,100,90,0,110,90,0,120,90,0,130,90,0,140,90,0,150,90,0,160,90,0,170,90,0,180,90,0,190,90,0,200,90,0,210,90,0,220,90,0,230,90,0,240,90,0,250,90,0,-250,80,0,-240,80,0,-230,80,0,-220,80,0,-210,80,0,-200,80,0,-190,80,0,-180,80,0,-170,80,0,-160,80,0,-150,80,0,-140,80,0,-130,80,0,-120,80,0,-110,80,0,-100,80,0,-90,80,0,-80,80,0,-70,80,0,-60,80,0,-50,80,0,-40,80,0,-30,80,0,-20,80,0,-10,80,0,0,80,0,10,80,0,20,80,0,30,80,0,40,80,0,50,80,0,60,80,0,70,80,0,80,80,0,90,80,0,100,80,0,110,80,0,120,80,0,130,80,0,140,80,0,150,80,0,160,80,0,170,80,0,180,80,0,190,80,0,200,80,0,210,80,0,220,80,0,230,80,0,240,80,0,250,80,0,-250,70,0,-240,70,0,-230,70,0,-220,70,0,-210,70,0,-200,70,0,-190,70,0,-180,70,0,-170,70,0,-160,70,0,-150,70,0,-140,70,0,-130,70,0,-120,70,0,-110,70,0,-100,70,0,-90,70,0,-80,70,0,-70,70,0,-60,70,0,-50,70,0,-40,70,0,-30,70,0,-20,70,0,-10,70,0,0,70,0,10,70,0,20,70,0,30,70,0,40,70,0,50,70,0,60,70,0,70,70,0,80,70,0,90,70,0,100,70,0,110,70,0,120,70,0,130,70,0,140,70,0,150,70,0,160,70,0,170,70,0,180,70,0,190,70,0,200,70,0,210,70,0,220,70,0,230,70,0,240,70,0,250,70,0,-250,60,0,-240,60,0,-230,60,0,-220,60,0,-210,60,0,-200,60,0,-190,60,0,-180,60,0,-170,60,0,-160,60,0,-150,60,0,-140,60,0,-130,60,0,-120,60,0,-110,60,0,-100,60,0,-90,60,0,-80,60,0,-70,60,0,-60,60,0,-50,60,0,-40,60,0,-30,60,0,-20,60,0,-10,60,0,0,60,0,10,60,0,20,60,0,30,60,0,40,60,0,50,60,0,60,60,0,70,60,0,80,60,0,90,60,0,100,60,0,110,60,0,120,60,0,130,60,0,140,60,0,150,60,0,160,60,0,170,60,0,180,60,0,190,60,0,200,60,0,210,60,0,220,60,0,230,60,0,240,60,0,250,60,0,-250,50,0,-240,50,0,-230,50,0,-220,50,0,-210,50,0,-200,50,0,-190,50,0,-180,50,0,-170,50,0,-160,50,0,-150,50,0,-140,50,0,-130,50,0,-120,50,0,-110,50,0,-100,50,0,-90,50,0,-80,50,0,-70,50,0,-60,50,0,-50,50,0,-40,50,0,-30,50,0,-20,50,0,-10,50,0,0,50,0,10,50,0,20,50,0,30,50,0,40,50,0,50,50,0,60,50,0,70,50,0,80,50,0,90,50,0,100,50,0,110,50,0,120,50,0,130,50,0,140,50,0,150,50,0,160,50,0,170,50,0,180,50,0,190,50,0,200,50,0,210,50,0,220,50,0,230,50,0,240,50,0,250,50,0,-250,40,0,-240,40,0,-230,40,0,-220,40,0,-210,40,0,-200,40,0,-190,40,0,-180,40,0,-170,40,0,-160,40,0,-150,40,0,-140,40,0,-130,40,0,-120,40,0,-110,40,0,-100,40,0,-90,40,0,-80,40,0,-70,40,0,-60,40,0,-50,40,0,-40,40,0,-30,40,0,-20,40,0,-10,40,0,0,40,0,10,40,0,20,40,0,30,40,0,40,40,0,50,40,0,60,40,0,70,40,0,80,40,0,90,40,0,100,40,0,110,40,0,120,40,0,130,40,0,140,40,0,150,40,0,160,40,0,170,40,0,180,40,0,190,40,0,200,40,0,210,40,0,220,40,0,230,40,0,240,40,0,250,40,0,-250,30,0,-240,30,0,-230,30,0,-220,30,0,-210,30,0,-200,30,0,-190,30,0,-180,30,0,-170,30,0,-160,30,0,-150,30,0,-140,30,0,-130,30,0,-120,30,0,-110,30,0,-100,30,0,-90,30,0,-80,30,0,-70,30,0,-60,30,0,-50,30,0,-40,30,0,-30,30,0,-20,30,0,-10,30,0,0,30,0,10,30,0,20,30,0,30,30,0,40,30,0,50,30,0,60,30,0,70,30,0,80,30,0,90,30,0,100,30,0,110,30,0,120,30,0,130,30,0,140,30,0,150,30,0,160,30,0,170,30,0,180,30,0,190,30,0,200,30,0,210,30,0,220,30,0,230,30,0,240,30,0,250,30,0,-250,20,0,-240,20,0,-230,20,0,-220,20,0,-210,20,0,-200,20,0,-190,20,0,-180,20,0,-170,20,0,-160,20,0,-150,20,0,-140,20,0,-130,20,0,-120,20,0,-110,20,0,-100,20,0,-90,20,0,-80,20,0,-70,20,0,-60,20,0,-50,20,0,-40,20,0,-30,20,0,-20,20,0,-10,20,0,0,20,0,10,20,0,20,20,0,30,20,0,40,20,0,50,20,0,60,20,0,70,20,0,80,20,0,90,20,0,100,20,0,110,20,0,120,20,0,130,20,0,140,20,0,150,20,0,160,20,0,170,20,0,180,20,0,190,20,0,200,20,0,210,20,0,220,20,0,230,20,0,240,20,0,250,20,0,-250,10,0,-240,10,0,-230,10,0,-220,10,0,-210,10,0,-200,10,0,-190,10,0,-180,10,0,-170,10,0,-160,10,0,-150,10,0,-140,10,0,-130,10,0,-120,10,0,-110,10,0,-100,10,0,-90,10,0,-80,10,0,-70,10,0,-60,10,0,-50,10,0,-40,10,0,-30,10,0,-20,10,0,-10,10,0,0,10,0,10,10,0,20,10,0,30,10,0,40,10,0,50,10,0,60,10,0,70,10,0,80,10,0,90,10,0,100,10,0,110,10,0,120,10,0,130,10,0,140,10,0,150,10,0,160,10,0,170,10,0,180,10,0,190,10,0,200,10,0,210,10,0,220,10,0,230,10,0,240,10,0,250,10,0,-250,0,0,-240,0,0,-230,0,0,-220,0,0,-210,0,0,-200,0,0,-190,0,0,-180,0,0,-170,0,0,-160,0,0,-150,0,0,-140,0,0,-130,0,0,-120,0,0,-110,0,0,-100,0,0,-90,0,0,-80,0,0,-70,0,0,-60,0,0,-50,0,0,-40,0,0,-30,0,0,-20,0,0,-10,0,0,0,0,0,10,0,0,20,0,0,30,0,0,40,0,0,50,0,0,60,0,0,70,0,0,80,0,0,90,0,0,100,0,0,110,0,0,120,0,0,130,0,0,140,0,0,150,0,0,160,0,0,170,0,0,180,0,0,190,0,0,200,0,0,210,0,0,220,0,0,230,0,0,240,0,0,250,0,0,-250,-10,0,-240,-10,0,-230,-10,0,-220,-10,0,-210,-10,0,-200,-10,0,-190,-10,0,-180,-10,0,-170,-10,0,-160,-10,0,-150,-10,0,-140,-10,0,-130,-10,0,-120,-10,0,-110,-10,0,-100,-10,0,-90,-10,0,-80,-10,0,-70,-10,0,-60,-10,0,-50,-10,0,-40,-10,0,-30,-10,0,-20,-10,0,-10,-10,0,0,-10,0,10,-10,0,20,-10,0,30,-10,0,40,-10,0,50,-10,0,60,-10,0,70,-10,0,80,-10,0,90,-10,0,100,-10,0,110,-10,0,120,-10,0,130,-10,0,140,-10,0,150,-10,0,160,-10,0,170,-10,0,180,-10,0,190,-10,0,200,-10,0,210,-10,0,220,-10,0,230,-10,0,240,-10,0,250,-10,0,-250,-20,0,-240,-20,0,-230,-20,0,-220,-20,0,-210,-20,0,-200,-20,0,-190,-20,0,-180,-20,0,-170,-20,0,-160,-20,0,-150,-20,0,-140,-20,0,-130,-20,0,-120,-20,0,-110,-20,0,-100,-20,0,-90,-20,0,-80,-20,0,-70,-20,0,-60,-20,0,-50,-20,0,-40,-20,0,-30,-20,0,-20,-20,0,-10,-20,0,0,-20,0,10,-20,0,20,-20,0,30,-20,0,40,-20,0,50,-20,0,60,-20,0,70,-20,0,80,-20,0,90,-20,0,100,-20,0,110,-20,0,120,-20,0,130,-20,0,140,-20,0,150,-20,0,160,-20,0,170,-20,0,180,-20,0,190,-20,0,200,-20,0,210,-20,0,220,-20,0,230,-20,0,240,-20,0,250,-20,0,-250,-30,0,-240,-30,0,-230,-30,0,-220,-30,0,-210,-30,0,-200,-30,0,-190,-30,0,-180,-30,0,-170,-30,0,-160,-30,0,-150,-30,0,-140,-30,0,-130,-30,0,-120,-30,0,-110,-30,0,-100,-30,0,-90,-30,0,-80,-30,0,-70,-30,0,-60,-30,0,-50,-30,0,-40,-30,0,-30,-30,0,-20,-30,0,-10,-30,0,0,-30,0,10,-30,0,20,-30,0,30,-30,0,40,-30,0,50,-30,0,60,-30,0,70,-30,0,80,-30,0,90,-30,0,100,-30,0,110,-30,0,120,-30,0,130,-30,0,140,-30,0,150,-30,0,160,-30,0,170,-30,0,180,-30,0,190,-30,0,200,-30,0,210,-30,0,220,-30,0,230,-30,0,240,-30,0,250,-30,0,-250,-40,0,-240,-40,0,-230,-40,0,-220,-40,0,-210,-40,0,-200,-40,0,-190,-40,0,-180,-40,0,-170,-40,0,-160,-40,0,-150,-40,0,-140,-40,0,-130,-40,0,-120,-40,0,-110,-40,0,-100,-40,0,-90,-40,0,-80,-40,0,-70,-40,0,-60,-40,0,-50,-40,0,-40,-40,0,-30,-40,0,-20,-40,0,-10,-40,0,0,-40,0,10,-40,0,20,-40,0,30,-40,0,40,-40,0,50,-40,0,60,-40,0,70,-40,0,80,-40,0,90,-40,0,100,-40,0,110,-40,0,120,-40,0,130,-40,0,140,-40,0,150,-40,0,160,-40,0,170,-40,0,180,-40,0,190,-40,0,200,-40,0,210,-40,0,220,-40,0,230,-40,0,240,-40,0,250,-40,0,-250,-50,0,-240,-50,0,-230,-50,0,-220,-50,0,-210,-50,0,-200,-50,0,-190,-50,0,-180,-50,0,-170,-50,0,-160,-50,0,-150,-50,0,-140,-50,0,-130,-50,0,-120,-50,0,-110,-50,0,-100,-50,0,-90,-50,0,-80,-50,0,-70,-50,0,-60,-50,0,-50,-50,0,-40,-50,0,-30,-50,0,-20,-50,0,-10,-50,0,0,-50,0,10,-50,0,20,-50,0,30,-50,0,40,-50,0,50,-50,0,60,-50,0,70,-50,0,80,-50,0,90,-50,0,100,-50,0,110,-50,0,120,-50,0,130,-50,0,140,-50,0,150,-50,0,160,-50,0,170,-50,0,180,-50,0,190,-50,0,200,-50,0,210,-50,0,220,-50,0,230,-50,0,240,-50,0,250,-50,0,-250,-60,0,-240,-60,0,-230,-60,0,-220,-60,0,-210,-60,0,-200,-60,0,-190,-60,0,-180,-60,0,-170,-60,0,-160,-60,0,-150,-60,0,-140,-60,0,-130,-60,0,-120,-60,0,-110,-60,0,-100,-60,0,-90,-60,0,-80,-60,0,-70,-60,0,-60,-60,0,-50,-60,0,-40,-60,0,-30,-60,0,-20,-60,0,-10,-60,0,0,-60,0,10,-60,0,20,-60,0,30,-60,0,40,-60,0,50,-60,0,60,-60,0,70,-60,0,80,-60,0,90,-60,0,100,-60,0,110,-60,0,120,-60,0,130,-60,0,140,-60,0,150,-60,0,160,-60,0,170,-60,0,180,-60,0,190,-60,0,200,-60,0,210,-60,0,220,-60,0,230,-60,0,240,-60,0,250,-60,0,-250,-70,0,-240,-70,0,-230,-70,0,-220,-70,0,-210,-70,0,-200,-70,0,-190,-70,0,-180,-70,0,-170,-70,0,-160,-70,0,-150,-70,0,-140,-70,0,-130,-70,0,-120,-70,0,-110,-70,0,-100,-70,0,-90,-70,0,-80,-70,0,-70,-70,0,-60,-70,0,-50,-70,0,-40,-70,0,-30,-70,0,-20,-70,0,-10,-70,0,0,-70,0,10,-70,0,20,-70,0,30,-70,0,40,-70,0,50,-70,0,60,-70,0,70,-70,0,80,-70,0,90,-70,0,100,-70,0,110,-70,0,120,-70,0,130,-70,0,140,-70,0,150,-70,0,160,-70,0,170,-70,0,180,-70,0,190,-70,0,200,-70,0,210,-70,0,220,-70,0,230,-70,0,240,-70,0,250,-70,0,-250,-80,0,-240,-80,0,-230,-80,0,-220,-80,0,-210,-80,0,-200,-80,0,-190,-80,0,-180,-80,0,-170,-80,0,-160,-80,0,-150,-80,0,-140,-80,0,-130,-80,0,-120,-80,0,-110,-80,0,-100,-80,0,-90,-80,0,-80,-80,0,-70,-80,0,-60,-80,0,-50,-80,0,-40,-80,0,-30,-80,0,-20,-80,0,-10,-80,0,0,-80,0,10,-80,0,20,-80,0,30,-80,0,40,-80,0,50,-80,0,60,-80,0,70,-80,0,80,-80,0,90,-80,0,100,-80,0,110,-80,0,120,-80,0,130,-80,0,140,-80,0,150,-80,0,160,-80,0,170,-80,0,180,-80,0,190,-80,0,200,-80,0,210,-80,0,220,-80,0,230,-80,0,240,-80,0,250,-80,0,-250,-90,0,-240,-90,0,-230,-90,0,-220,-90,0,-210,-90,0,-200,-90,0,-190,-90,0,-180,-90,0,-170,-90,0,-160,-90,0,-150,-90,0,-140,-90,0,-130,-90,0,-120,-90,0,-110,-90,0,-100,-90,0,-90,-90,0,-80,-90,0,-70,-90,0,-60,-90,0,-50,-90,0,-40,-90,0,-30,-90,0,-20,-90,0,-10,-90,0,0,-90,0,10,-90,0,20,-90,0,30,-90,0,40,-90,0,50,-90,0,60,-90,0,70,-90,0,80,-90,0,90,-90,0,100,-90,0,110,-90,0,120,-90,0,130,-90,0,140,-90,0,150,-90,0,160,-90,0,170,-90,0,180,-90,0,190,-90,0,200,-90,0,210,-90,0,220,-90,0,230,-90,0,240,-90,0,250,-90,0,-250,-100,0,-240,-100,0,-230,-100,0,-220,-100,0,-210,-100,0,-200,-100,0,-190,-100,0,-180,-100,0,-170,-100,0,-160,-100,0,-150,-100,0,-140,-100,0,-130,-100,0,-120,-100,0,-110,-100,0,-100,-100,0,-90,-100,0,-80,-100,0,-70,-100,0,-60,-100,0,-50,-100,0,-40,-100,0,-30,-100,0,-20,-100,0,-10,-100,0,0,-100,0,10,-100,0,20,-100,0,30,-100,0,40,-100,0,50,-100,0,60,-100,0,70,-100,0,80,-100,0,90,-100,0,100,-100,0,110,-100,0,120,-100,0,130,-100,0,140,-100,0,150,-100,0,160,-100,0,170,-100,0,180,-100,0,190,-100,0,200,-100,0,210,-100,0,220,-100,0,230,-100,0,240,-100,0,250,-100,0,-250,-110,0,-240,-110,0,-230,-110,0,-220,-110,0,-210,-110,0,-200,-110,0,-190,-110,0,-180,-110,0,-170,-110,0,-160,-110,0,-150,-110,0,-140,-110,0,-130,-110,0,-120,-110,0,-110,-110,0,-100,-110,0,-90,-110,0,-80,-110,0,-70,-110,0,-60,-110,0,-50,-110,0,-40,-110,0,-30,-110,0,-20,-110,0,-10,-110,0,0,-110,0,10,-110,0,20,-110,0,30,-110,0,40,-110,0,50,-110,0,60,-110,0,70,-110,0,80,-110,0,90,-110,0,100,-110,0,110,-110,0,120,-110,0,130,-110,0,140,-110,0,150,-110,0,160,-110,0,170,-110,0,180,-110,0,190,-110,0,200,-110,0,210,-110,0,220,-110,0,230,-110,0,240,-110,0,250,-110,0,-250,-120,0,-240,-120,0,-230,-120,0,-220,-120,0,-210,-120,0,-200,-120,0,-190,-120,0,-180,-120,0,-170,-120,0,-160,-120,0,-150,-120,0,-140,-120,0,-130,-120,0,-120,-120,0,-110,-120,0,-100,-120,0,-90,-120,0,-80,-120,0,-70,-120,0,-60,-120,0,-50,-120,0,-40,-120,0,-30,-120,0,-20,-120,0,-10,-120,0,0,-120,0,10,-120,0,20,-120,0,30,-120,0,40,-120,0,50,-120,0,60,-120,0,70,-120,0,80,-120,0,90,-120,0,100,-120,0,110,-120,0,120,-120,0,130,-120,0,140,-120,0,150,-120,0,160,-120,0,170,-120,0,180,-120,0,190,-120,0,200,-120,0,210,-120,0,220,-120,0,230,-120,0,240,-120,0,250,-120,0,-250,-130,0,-240,-130,0,-230,-130,0,-220,-130,0,-210,-130,0,-200,-130,0,-190,-130,0,-180,-130,0,-170,-130,0,-160,-130,0,-150,-130,0,-140,-130,0,-130,-130,0,-120,-130,0,-110,-130,0,-100,-130,0,-90,-130,0,-80,-130,0,-70,-130,0,-60,-130,0,-50,-130,0,-40,-130,0,-30,-130,0,-20,-130,0,-10,-130,0,0,-130,0,10,-130,0,20,-130,0,30,-130,0,40,-130,0,50,-130,0,60,-130,0,70,-130,0,80,-130,0,90,-130,0,100,-130,0,110,-130,0,120,-130,0,130,-130,0,140,-130,0,150,-130,0,160,-130,0,170,-130,0,180,-130,0,190,-130,0,200,-130,0,210,-130,0,220,-130,0,230,-130,0,240,-130,0,250,-130,0,-250,-140,0,-240,-140,0,-230,-140,0,-220,-140,0,-210,-140,0,-200,-140,0,-190,-140,0,-180,-140,0,-170,-140,0,-160,-140,0,-150,-140,0,-140,-140,0,-130,-140,0,-120,-140,0,-110,-140,0,-100,-140,0,-90,-140,0,-80,-140,0,-70,-140,0,-60,-140,0,-50,-140,0,-40,-140,0,-30,-140,0,-20,-140,0,-10,-140,0,0,-140,0,10,-140,0,20,-140,0,30,-140,0,40,-140,0,50,-140,0,60,-140,0,70,-140,0,80,-140,0,90,-140,0,100,-140,0,110,-140,0,120,-140,0,130,-140,0,140,-140,0,150,-140,0,160,-140,0,170,-140,0,180,-140,0,190,-140,0,200,-140,0,210,-140,0,220,-140,0,230,-140,0,240,-140,0,250,-140,0,-250,-150,0,-240,-150,0,-230,-150,0,-220,-150,0,-210,-150,0,-200,-150,0,-190,-150,0,-180,-150,0,-170,-150,0,-160,-150,0,-150,-150,0,-140,-150,0,-130,-150,0,-120,-150,0,-110,-150,0,-100,-150,0,-90,-150,0,-80,-150,0,-70,-150,0,-60,-150,0,-50,-150,0,-40,-150,0,-30,-150,0,-20,-150,0,-10,-150,0,0,-150,0,10,-150,0,20,-150,0,30,-150,0,40,-150,0,50,-150,0,60,-150,0,70,-150,0,80,-150,0,90,-150,0,100,-150,0,110,-150,0,120,-150,0,130,-150,0,140,-150,0,150,-150,0,160,-150,0,170,-150,0,180,-150,0,190,-150,0,200,-150,0,210,-150,0,220,-150,0,230,-150,0,240,-150,0,250,-150,0]', 114);

INSERT INTO material (id, attributes, blending, color, colorAmbient, colorDiffuse, colorSpecular, dbgColor, dbgIndex, dbgname, depthTest, depthWrite, fragmentShader, mapBump, mapBumpScale, mapBumpWrap, mapDiffuse, mapDiffuseWrap, mapLight, mapLightWrap, mapNormal, mapNormalWrap, mapSpecular, mapSpecularWrap, name, opacity, shading, sortIndex, specularCoef, transparency, transparent, uniforms, vertexColors, vertexShader, visible, texture_id) VALUES
	(107, NULL, 'NormalBlending', '#006600', '[1.0, 1.0, 1.0]', '[1.0, 1.0, 1.0]', '[0.0, 0.0, 0.0]', NULL, NULL, NULL, NULL, NULL, NULL, NULL, 1, NULL, NULL, NULL, NULL, NULL, NULL, NULL, NULL, NULL, 'Terrain', 1, 'SmoothShading', 0, 30, 1, NULL, NULL, false, NULL, true, NULL),
	(108, NULL, 'NormalBlending', '#808080', '[1.0, 1.0, 1.0]', '[1.0, 1.0, 1.0]', '[0.0, 0.0, 0.0]', NULL, NULL, NULL, NULL, NULL, NULL, NULL, 1, NULL, NULL, NULL, NULL, NULL, NULL, NULL, NULL, NULL, 'Mat.2', 1, 'SmoothShading', 1, 30, 1, NULL, NULL, false, NULL, true, NULL);	
	
INSERT INTO terrain (id, height, smoothness, width, wireframe, zScale, geometry_id) VALUES 
	(101, 300, 0.1, 500, true, 0, 114);

INSERT INTO map (id, cdate, udate, version, description, goldPerTick, goldStart, lives, name, prepareTime, skybox, teamSize, terrain_id, allMaterials_id) VALUES 
	(101, now(), now(), 3, '', 0, 0, 20, 'Tutorial', 500, null, 1, 101, null);

INSERT INTO map_towers (Map_id, towers_id) 
	(select 101, t.id from tower t where t.name = 'Laser Tower');
	
INSERT INTO map_materials (Map_id, allMaterials_id) VALUES 
	(101, 107), 
	(101, 108);

INSERT INTO geo_material (arrayIndex, mat_id, geo_id) VALUES 
	(0, 107, 114), 
	(1, 108, 114);
	
INSERT INTO path (id, name, map_id) VALUES 
	(1, 'Path-1', 101),
	(2, 'Path-2', 101);

INSERT INTO waypoint (name, position_x, position_y, position_z, sortOder, path_id) VALUES
	('Waypoint 1 - 235 x 1 x -5', 235, 1, -5, 0, 1),
	('Waypoint 2 - 135 x 1 x -5', 135, 1, -5, 1, 1),
	('Waypoint 3 - 115 x 1 x 65', 115, 1, 65, 2, 1),
	('Waypoint 4 - -115 x 1 x 65', -115, 1, 65, 3, 1),
	('Waypoint 5 - -135 x 1 x -5', -135, 1, -5, 4, 1),
	('Waypoint 6 - -235 x 1 x -5', -235, 1, -5, 5, 1),
	('Waypoint 7 - 235 x 1 x -5', 235, 1, -5, 0, 2),
	('Waypoint 8 - 135 x 1 x -5', 135, 1, -5, 1, 2),
	('Waypoint 9 - 115 x 1 x -75', 115, 1, -75, 2, 2),
	('Waypoint 10 - -115 x 1 x -75', -115, 1, -75, 3, 2),
	('Waypoint 11 - -135 x 1 x -5', -135, 1, -5, 4, 2),
	('Waypoint 12 - -235 x 1 x -5', -235, 1, -5, 5, 2);
	
insert into wave (id, name, prepareTime, quantity, waveTime, map_id, path_id, sortOder, autostart, requestable) VALUES 
	(201, 'Wave-1', 5,  6, 18, 101, 1, 0, 'n', 'y'),
	(202, 'Wave-2', 0, 12, 12, 101, 2, 1, 'n', 'y'),
	(203, 'Wave-3', 0, 20, 12, 101, 1, 2, 'y', 'n');

insert into wave_units (Wave_id, units_id)
(select 201, u.id from unit u where u.name = 'Ratamahatta');
insert into wave_units (Wave_id, units_id)
(select 202, u.id from unit u where u.name = 'Ratamahatta');
insert into wave_units (Wave_id, units_id)
(select 203, u.id from unit u where u.name = 'Ratamahatta');