
INSERT IGNORE INTO geometadata (id, colors, faces, formatVersion, generatedBy, materials, normals, sourceFile, uvs, vertices) VALUES 
	(114, 0, 0, 3.1, 'WorldEditor', 0, 0, '', 0, 0);

INSERT IGNORE INTO `geometry` (`id`, `cdate`, `udate`, `version`, `animation`, `bones`, `colors`, `faces`, `morphColors`, `morphTargets`, `normals`, `scale`, `skinIndices`, `skinWeights`, `type`, `uvs`, `vertices`, `metadata_id`) VALUES
	(114, '2013-06-15 21:40:49', '2013-06-15 21:40:49', 3, NULL, NULL, '[]', '[11,0,26,27,1,0,0,1,0,0.9444444444444444,11,1,27,28,2,0,0,1,0,0.9444444444444444,11,2,28,29,3,0,0,1,0,0.9444444444444444,11,3,29,30,4,0,0,1,0,0.9444444444444444,11,4,30,31,5,0,0,1,0,0.9444444444444444,11,5,31,32,6,0,0,1,0,0.9444444444444444,11,6,32,33,7,0,0,1,0,0.9444444444444444,11,7,33,34,8,0,0,1,0,0.9444444444444444,11,8,34,35,9,0,0,1,0,0.9444444444444444,11,9,35,36,10,0,0,1,0,0.9444444444444444,11,10,36,37,11,0,0,1,0,0.9444444444444444,11,11,37,38,12,0,0,1,0,0.9444444444444444,11,12,38,39,13,0,0,1,0,0.9444444444444444,11,13,39,40,14,0,0,1,0,0.9444444444444444,11,14,40,41,15,0,0,1,0,0.9444444444444444,11,15,41,42,16,0,0,1,0,0.9444444444444444,11,16,42,43,17,0,0,1,0,0.9444444444444444,11,17,43,44,18,0,0,1,0,0.9444444444444444,11,18,44,45,19,0,0,1,0,0.9444444444444444,11,19,45,46,20,0,0,1,0,0.9444444444444444,11,20,46,47,21,0,0,1,0,0.9444444444444444,11,21,47,48,22,0,0,1,0,0.9444444444444444,11,22,48,49,23,0,0,1,0,0.9444444444444444,11,23,49,50,24,0,0,1,0,0.9444444444444444,11,24,50,51,25,0,0,1,0,0.9444444444444444,11,26,52,53,27,0,0,1,0,0.9444444444444444,11,27,53,54,28,0,0,1,0,0.9444444444444444,11,28,54,55,29,0,0,1,0,0.9444444444444444,11,29,55,56,30,0,0,1,0,0.9444444444444444,11,30,56,57,31,0,0,1,0,0.9444444444444444,11,31,57,58,32,0,0,1,0,0.9444444444444444,11,32,58,59,33,0,0,1,0,0.9444444444444444,11,33,59,60,34,0,0,1,0,0.9444444444444444,11,34,60,61,35,0,0,1,0,0.9444444444444444,11,35,61,62,36,0,0,1,0,0.9444444444444444,11,36,62,63,37,0,0,1,0,0.9444444444444444,11,37,63,64,38,0,0,1,0,0.9444444444444444,11,38,64,65,39,0,0,1,0,0.9444444444444444,11,39,65,66,40,0,0,1,0,0.9444444444444444,11,40,66,67,41,0,0,1,0,0.9444444444444444,11,41,67,68,42,0,0,1,0,0.9444444444444444,11,42,68,69,43,0,0,1,0,0.9444444444444444,11,43,69,70,44,0,0,1,0,0.9444444444444444,11,44,70,71,45,0,0,1,0,0.9444444444444444,11,45,71,72,46,0,0,1,0,0.9444444444444444,11,46,72,73,47,0,0,1,0,0.9444444444444444,11,47,73,74,48,0,0,1,0,0.9444444444444444,11,48,74,75,49,0,0,1,0,0.9444444444444444,11,49,75,76,50,0,0,1,0,0.9444444444444444,11,50,76,77,51,0,0,1,0,0.9444444444444444,11,52,78,79,53,0,0,1,0,0.9444444444444444,11,53,79,80,54,0,0,1,0,0.9444444444444444,11,54,80,81,55,0,0,1,0,0.9444444444444444,11,55,81,82,56,0,0,1,0,0.9444444444444444,11,56,82,83,57,0,0,1,0,0.9444444444444444,11,57,83,84,58,0,0,1,0,0.9444444444444444,11,58,84,85,59,0,0,1,0,0.9444444444444444,11,59,85,86,60,0,0,1,0,0.9444444444444444,11,60,86,87,61,0,0,1,0,0.9444444444444444,11,61,87,88,62,0,0,1,0,0.9444444444444444,11,62,88,89,63,0,0,1,0,0.9444444444444444,11,63,89,90,64,0,0,1,0,0.9444444444444444,11,64,90,91,65,0,0,1,0,0.9444444444444444,11,65,91,92,66,0,0,1,0,0.9444444444444444,11,66,92,93,67,0,0,1,0,0.9444444444444444,11,67,93,94,68,0,0,1,0,0.9444444444444444,11,68,94,95,69,0,0,1,0,0.9444444444444444,11,69,95,96,70,0,0,1,0,0.9444444444444444,11,70,96,97,71,0,0,1,0,0.9444444444444444,11,71,97,98,72,0,0,1,0,0.9444444444444444,11,72,98,99,73,0,0,1,0,0.9444444444444444,11,73,99,100,74,0,0,1,0,0.9444444444444444,11,74,100,101,75,0,0,1,0,0.9444444444444444,11,75,101,102,76,0,0,1,0,0.9444444444444444,11,76,102,103,77,0,0,1,0,0.9444444444444444,11,78,104,105,79,0,0,1,0,0.9444444444444444,11,79,105,106,80,0,0,1,0,0.9444444444444444,11,80,106,107,81,0,0,1,0,0.9444444444444444,11,81,107,108,82,0,0,1,0,0.9444444444444444,11,82,108,109,83,0,0,1,0,0.9444444444444444,11,83,109,110,84,0,0,1,0,0.9444444444444444,11,84,110,111,85,1,0,1,0,0.9444444444444444,11,85,111,112,86,1,0,1,0,0.9444444444444444,11,86,112,113,87,1,0,1,0,0.9444444444444444,11,87,113,114,88,1,0,1,0,0.9444444444444444,11,88,114,115,89,1,0,1,0,0.9444444444444444,11,89,115,116,90,1,0,1,0,0.9444444444444444,11,90,116,117,91,1,0,1,0,0.9444444444444444,11,91,117,118,92,1,0,1,0,0.9444444444444444,11,92,118,119,93,1,0,1,0,0.9444444444444444,11,93,119,120,94,1,0,1,0,0.9444444444444444,11,94,120,121,95,1,0,1,0,0.9444444444444444,11,95,121,122,96,1,0,1,0,0.9444444444444444,11,96,122,123,97,0,0,1,0,0.9444444444444444,11,97,123,124,98,0,0,1,0,0.9444444444444444,11,98,124,125,99,0,0,1,0,0.9444444444444444,11,99,125,126,100,0,0,1,0,0.9444444444444444,11,100,126,127,101,0,0,1,0,0.9444444444444444,11,101,127,128,102,0,0,1,0,0.9444444444444444,11,102,128,129,103,0,0,1,0,0.9444444444444444,11,104,130,131,105,0,0,1,0,0.9444444444444444,11,105,131,132,106,0,0,1,0,0.9444444444444444,11,106,132,133,107,0,0,1,0,0.9444444444444444,11,107,133,134,108,0,0,1,0,0.9444444444444444,11,108,134,135,109,0,0,1,0,0.9444444444444444,11,109,135,136,110,1,0,1,0,0.9444444444444444,11,110,136,137,111,1,0,1,0,0.9444444444444444,11,111,137,138,112,1,0,1,0,0.9444444444444444,11,112,138,139,113,1,0,1,0,0.9444444444444444,11,113,139,140,114,1,0,1,0,0.9444444444444444,11,114,140,141,115,1,0,1,0,0.9444444444444444,11,115,141,142,116,1,0,1,0,0.9444444444444444,11,116,142,143,117,1,0,1,0,0.9444444444444444,11,117,143,144,118,1,0,1,0,0.9444444444444444,11,118,144,145,119,1,0,1,0,0.9444444444444444,11,119,145,146,120,1,0,1,0,0.9444444444444444,11,120,146,147,121,1,0,1,0,0.9444444444444444,11,121,147,148,122,1,0,1,0,0.9444444444444444,11,122,148,149,123,1,0,1,0,0.9444444444444444,11,123,149,150,124,0,0,1,0,0.9444444444444444,11,124,150,151,125,0,0,1,0,0.9444444444444444,11,125,151,152,126,0,0,1,0,0.9444444444444444,11,126,152,153,127,0,0,1,0,0.9444444444444444,11,127,153,154,128,0,0,1,0,0.9444444444444444,11,128,154,155,129,0,0,1,0,0.9444444444444444,11,130,156,157,131,0,0,1,0,0.9444444444444444,11,131,157,158,132,0,0,1,0,0.9444444444444444,11,132,158,159,133,0,0,1,0,0.9444444444444444,11,133,159,160,134,0,0,1,0,0.9444444444444444,11,134,160,161,135,1,0,1,0,0.9444444444444444,11,135,161,162,136,1,0,1,0,0.9444444444444444,11,136,162,163,137,1,0,1,0,0.9444444444444444,11,137,163,164,138,0,0,1,0,0.9444444444444444,11,138,164,165,139,0,0,1,0,0.9444444444444444,11,139,165,166,140,0,0,1,0,0.9444444444444444,11,140,166,167,141,0,0,1,0,0.9444444444444444,11,141,167,168,142,0,0,1,0,0.9444444444444444,11,142,168,169,143,0,0,1,0,0.9444444444444444,11,143,169,170,144,0,0,1,0,0.9444444444444444,11,144,170,171,145,0,0,1,0,0.9444444444444444,11,145,171,172,146,0,0,1,0,0.9444444444444444,11,146,172,173,147,0,0,1,0,0.9444444444444444,11,147,173,174,148,1,0,1,0,0.9444444444444444,11,148,174,175,149,1,0,1,0,0.9444444444444444,11,149,175,176,150,1,0,1,0,0.9444444444444444,11,150,176,177,151,0,0,1,0,0.9444444444444444,11,151,177,178,152,0,0,1,0,0.9444444444444444,11,152,178,179,153,0,0,1,0,0.9444444444444444,11,153,179,180,154,0,0,1,0,0.9444444444444444,11,154,180,181,155,0,0,1,0,0.9444444444444444,11,156,182,183,157,0,0,1,0,0.9444444444444444,11,157,183,184,158,0,0,1,0,0.9444444444444444,11,158,184,185,159,0,0,1,0,0.9444444444444444,11,159,185,186,160,0,0,1,0,0.9444444444444444,11,160,186,187,161,1,0,1,0,0.9444444444444444,11,161,187,188,162,1,0,1,0,0.9444444444444444,11,162,188,189,163,0,0,1,0,0.9444444444444444,11,163,189,190,164,0,0,1,0,0.9444444444444444,11,164,190,191,165,0,0,1,0,0.9444444444444444,11,165,191,192,166,0,0,1,0,0.9444444444444444,11,166,192,193,167,0,0,1,0,0.9444444444444444,11,167,193,194,168,0,0,1,0,0.9444444444444444,11,168,194,195,169,0,0,1,0,0.9444444444444444,11,169,195,196,170,0,0,1,0,0.9444444444444444,11,170,196,197,171,0,0,1,0,0.9444444444444444,11,171,197,198,172,0,0,1,0,0.9444444444444444,11,172,198,199,173,0,0,1,0,0.9444444444444444,11,173,199,200,174,0,0,1,0,0.9444444444444444,11,174,200,201,175,1,0,1,0,0.9444444444444444,11,175,201,202,176,1,0,1,0,0.9444444444444444,11,176,202,203,177,0,0,1,0,0.9444444444444444,11,177,203,204,178,0,0,1,0,0.9444444444444444,11,178,204,205,179,0,0,1,0,0.9444444444444444,11,179,205,206,180,0,0,1,0,0.9444444444444444,11,180,206,207,181,0,0,1,0,0.9444444444444444,11,182,208,209,183,0,0,1,0,0.9444444444444444,11,183,209,210,184,0,0,1,0,0.9444444444444444,11,184,210,211,185,0,0,1,0,0.9444444444444444,11,185,211,212,186,0,0,1,0,0.9444444444444444,11,186,212,213,187,1,0,1,0,0.9444444444444444,11,187,213,214,188,1,0,1,0,0.9444444444444444,11,188,214,215,189,0,0,1,0,0.9444444444444444,11,189,215,216,190,0,0,1,0,0.9444444444444444,11,190,216,217,191,0,0,1,0,0.9444444444444444,11,191,217,218,192,0,0,1,0,0.9444444444444444,11,192,218,219,193,0,0,1,0,0.9444444444444444,11,193,219,220,194,0,0,1,0,0.9444444444444444,11,194,220,221,195,0,0,1,0,0.9444444444444444,11,195,221,222,196,0,0,1,0,0.9444444444444444,11,196,222,223,197,0,0,1,0,0.9444444444444444,11,197,223,224,198,0,0,1,0,0.9444444444444444,11,198,224,225,199,0,0,1,0,0.9444444444444444,11,199,225,226,200,0,0,1,0,0.9444444444444444,11,200,226,227,201,1,0,1,0,0.9444444444444444,11,201,227,228,202,1,0,1,0,0.9444444444444444,11,202,228,229,203,0,0,1,0,0.9444444444444444,11,203,229,230,204,0,0,1,0,0.9444444444444444,11,204,230,231,205,0,0,1,0,0.9444444444444444,11,205,231,232,206,0,0,1,0,0.9444444444444444,11,206,232,233,207,0,0,1,0,0.9444444444444444,11,208,234,235,209,1,0,1,0,0.9444444444444444,11,209,235,236,210,1,0,1,0,0.9444444444444444,11,210,236,237,211,1,0,1,0,0.9444444444444444,11,211,237,238,212,1,0,1,0,0.9444444444444444,11,212,238,239,213,1,0,1,0,0.9444444444444444,11,213,239,240,214,1,0,1,0,0.9444444444444444,11,214,240,241,215,0,0,1,0,0.9444444444444444,11,215,241,242,216,0,0,1,0,0.9444444444444444,11,216,242,243,217,0,0,1,0,0.9444444444444444,11,217,243,244,218,0,0,1,0,0.9444444444444444,11,218,244,245,219,0,0,1,0,0.9444444444444444,11,219,245,246,220,0,0,1,0,0.9444444444444444,11,220,246,247,221,0,0,1,0,0.9444444444444444,11,221,247,248,222,0,0,1,0,0.9444444444444444,11,222,248,249,223,0,0,1,0,0.9444444444444444,11,223,249,250,224,0,0,1,0,0.9444444444444444,11,224,250,251,225,0,0,1,0,0.9444444444444444,11,225,251,252,226,0,0,1,0,0.9444444444444444,11,226,252,253,227,1,0,1,0,0.9444444444444444,11,227,253,254,228,1,0,1,0,0.9444444444444444,11,228,254,255,229,1,0,1,0,0.9444444444444444,11,229,255,256,230,1,0,1,0,0.9444444444444444,11,230,256,257,231,1,0,1,0,0.9444444444444444,11,231,257,258,232,1,0,1,0,0.9444444444444444,11,232,258,259,233,1,0,1,0,0.9444444444444444,11,234,260,261,235,1,0,1,0,0.9444444444444444,11,235,261,262,236,1,0,1,0,0.9444444444444444,11,236,262,263,237,1,0,1,0,0.9444444444444444,11,237,263,264,238,1,0,1,0,0.9444444444444444,11,238,264,265,239,1,0,1,0,0.9444444444444444,11,239,265,266,240,1,0,1,0,0.9444444444444444,11,240,266,267,241,0,0,1,0,0.9444444444444444,11,241,267,268,242,0,0,1,0,0.9444444444444444,11,242,268,269,243,0,0,1,0,0.9444444444444444,11,243,269,270,244,0,0,1,0,0.9444444444444444,11,244,270,271,245,0,0,1,0,0.9444444444444444,11,245,271,272,246,0,0,1,0,0.9444444444444444,11,246,272,273,247,0,0,1,0,0.9444444444444444,11,247,273,274,248,0,0,1,0,0.9444444444444444,11,248,274,275,249,0,0,1,0,0.9444444444444444,11,249,275,276,250,0,0,1,0,0.9444444444444444,11,250,276,277,251,0,0,1,0,0.9444444444444444,11,251,277,278,252,0,0,1,0,0.9444444444444444,11,252,278,279,253,1,0,1,0,0.9444444444444444,11,253,279,280,254,1,0,1,0,0.9444444444444444,11,254,280,281,255,1,0,1,0,0.9444444444444444,11,255,281,282,256,1,0,1,0,0.9444444444444444,11,256,282,283,257,1,0,1,0,0.9444444444444444,11,257,283,284,258,1,0,1,0,0.9444444444444444,11,258,284,285,259,1,0,1,0,0.9444444444444444,11,260,286,287,261,1,0,1,0,0.9444444444444444,11,261,287,288,262,1,0,1,0,0.9444444444444444,11,262,288,289,263,1,0,1,0,0.9444444444444444,11,263,289,290,264,1,0,1,0,0.9444444444444444,11,264,290,291,265,1,0,1,0,0.9444444444444444,11,265,291,292,266,1,0,1,0,0.9444444444444444,11,266,292,293,267,0,0,1,0,0.9444444444444444,11,267,293,294,268,0,0,1,0,0.9444444444444444,11,268,294,295,269,0,0,1,0,0.9444444444444444,11,269,295,296,270,0,0,1,0,0.9444444444444444,11,270,296,297,271,0,0,1,0,0.9444444444444444,11,271,297,298,272,0,0,1,0,0.9444444444444444,11,272,298,299,273,0,0,1,0,0.9444444444444444,11,273,299,300,274,0,0,1,0,0.9444444444444444,11,274,300,301,275,0,0,1,0,0.9444444444444444,11,275,301,302,276,0,0,1,0,0.9444444444444444,11,276,302,303,277,0,0,1,0,0.9444444444444444,11,277,303,304,278,0,0,1,0,0.9444444444444444,11,278,304,305,279,1,0,1,0,0.9444444444444444,11,279,305,306,280,1,0,1,0,0.9444444444444444,11,280,306,307,281,1,0,1,0,0.9444444444444444,11,281,307,308,282,1,0,1,0,0.9444444444444444,11,282,308,309,283,1,0,1,0,0.9444444444444444,11,283,309,310,284,1,0,1,0,0.9444444444444444,11,284,310,311,285,1,0,1,0,0.9444444444444444,11,286,312,313,287,0,0,1,0,0.9444444444444444,11,287,313,314,288,0,0,1,0,0.9444444444444444,11,288,314,315,289,0,0,1,0,0.9444444444444444,11,289,315,316,290,0,0,1,0,0.9444444444444444,11,290,316,317,291,1,0,1,0,0.9444444444444444,11,291,317,318,292,1,0,1,0,0.9444444444444444,11,292,318,319,293,0,0,1,0,0.9444444444444444,11,293,319,320,294,0,0,1,0,0.9444444444444444,11,294,320,321,295,0,0,1,0,0.9444444444444444,11,295,321,322,296,0,0,1,0,0.9444444444444444,11,296,322,323,297,0,0,1,0,0.9444444444444444,11,297,323,324,298,0,0,1,0,0.9444444444444444,11,298,324,325,299,0,0,1,0,0.9444444444444444,11,299,325,326,300,0,0,1,0,0.9444444444444444,11,300,326,327,301,0,0,1,0,0.9444444444444444,11,301,327,328,302,0,0,1,0,0.9444444444444444,11,302,328,329,303,0,0,1,0,0.9444444444444444,11,303,329,330,304,0,0,1,0,0.9444444444444444,11,304,330,331,305,1,0,1,0,0.9444444444444444,11,305,331,332,306,1,0,1,0,0.9444444444444444,11,306,332,333,307,0,0,1,0,0.9444444444444444,11,307,333,334,308,0,0,1,0,0.9444444444444444,11,308,334,335,309,0,0,1,0,0.9444444444444444,11,309,335,336,310,0,0,1,0,0.9444444444444444,11,310,336,337,311,0,0,1,0,0.9444444444444444,11,312,338,339,313,0,0,1,0,0.9444444444444444,11,313,339,340,314,0,0,1,0,0.9444444444444444,11,314,340,341,315,0,0,1,0,0.9444444444444444,11,315,341,342,316,0,0,1,0,0.9444444444444444,11,316,342,343,317,1,0,1,0,0.9444444444444444,11,317,343,344,318,1,0,1,0,0.9444444444444444,11,318,344,345,319,0,0,1,0,0.9444444444444444,11,319,345,346,320,0,0,1,0,0.9444444444444444,11,320,346,347,321,0,0,1,0,0.9444444444444444,11,321,347,348,322,0,0,1,0,0.9444444444444444,11,322,348,349,323,0,0,1,0,0.9444444444444444,11,323,349,350,324,0,0,1,0,0.9444444444444444,11,324,350,351,325,0,0,1,0,0.9444444444444444,11,325,351,352,326,0,0,1,0,0.9444444444444444,11,326,352,353,327,0,0,1,0,0.9444444444444444,11,327,353,354,328,0,0,1,0,0.9444444444444444,11,328,354,355,329,0,0,1,0,0.9444444444444444,11,329,355,356,330,0,0,1,0,0.9444444444444444,11,330,356,357,331,1,0,1,0,0.9444444444444444,11,331,357,358,332,1,0,1,0,0.9444444444444444,11,332,358,359,333,0,0,1,0,0.9444444444444444,11,333,359,360,334,0,0,1,0,0.9444444444444444,11,334,360,361,335,0,0,1,0,0.9444444444444444,11,335,361,362,336,0,0,1,0,0.9444444444444444,11,336,362,363,337,0,0,1,0,0.9444444444444444,11,338,364,365,339,0,0,1,0,0.9444444444444444,11,339,365,366,340,0,0,1,0,0.9444444444444444,11,340,366,367,341,0,0,1,0,0.9444444444444444,11,341,367,368,342,0,0,1,0,0.9444444444444444,11,342,368,369,343,1,0,1,0,0.9444444444444444,11,343,369,370,344,1,0,1,0,0.9444444444444444,11,344,370,371,345,1,0,1,0,0.9444444444444444,11,345,371,372,346,0,0,1,0,0.9444444444444444,11,346,372,373,347,0,0,1,0,0.9444444444444444,11,347,373,374,348,0,0,1,0,0.9444444444444444,11,348,374,375,349,0,0,1,0,0.9444444444444444,11,349,375,376,350,0,0,1,0,0.9444444444444444,11,350,376,377,351,0,0,1,0,0.9444444444444444,11,351,377,378,352,0,0,1,0,0.9444444444444444,11,352,378,379,353,0,0,1,0,0.9444444444444444,11,353,379,380,354,0,0,1,0,0.9444444444444444,11,354,380,381,355,0,0,1,0,0.9444444444444444,11,355,381,382,356,1,0,1,0,0.9444444444444444,11,356,382,383,357,1,0,1,0,0.9444444444444444,11,357,383,384,358,1,0,1,0,0.9444444444444444,11,358,384,385,359,0,0,1,0,0.9444444444444444,11,359,385,386,360,0,0,1,0,0.9444444444444444,11,360,386,387,361,0,0,1,0,0.9444444444444444,11,361,387,388,362,0,0,1,0,0.9444444444444444,11,362,388,389,363,0,0,1,0,0.9444444444444444,11,364,390,391,365,0,0,1,0,0.9444444444444444,11,365,391,392,366,0,0,1,0,0.9444444444444444,11,366,392,393,367,0,0,1,0,0.9444444444444444,11,367,393,394,368,0,0,1,0,0.9444444444444444,11,368,394,395,369,0,0,1,0,0.9444444444444444,11,369,395,396,370,1,0,1,0,0.9444444444444444,11,370,396,397,371,1,0,1,0,0.9444444444444444,11,371,397,398,372,1,0,1,0,0.9444444444444444,11,372,398,399,373,1,0,1,0,0.9444444444444444,11,373,399,400,374,1,0,1,0,0.9444444444444444,11,374,400,401,375,1,0,1,0,0.9444444444444444,11,375,401,402,376,1,0,1,0,0.9444444444444444,11,376,402,403,377,1,0,1,0,0.9444444444444444,11,377,403,404,378,1,0,1,0,0.9444444444444444,11,378,404,405,379,1,0,1,0,0.9444444444444444,11,379,405,406,380,1,0,1,0,0.9444444444444444,11,380,406,407,381,1,0,1,0,0.9444444444444444,11,381,407,408,382,1,0,1,0,0.9444444444444444,11,382,408,409,383,1,0,1,0,0.9444444444444444,11,383,409,410,384,0,0,1,0,0.9444444444444444,11,384,410,411,385,0,0,1,0,0.9444444444444444,11,385,411,412,386,0,0,1,0,0.9444444444444444,11,386,412,413,387,0,0,1,0,0.9444444444444444,11,387,413,414,388,0,0,1,0,0.9444444444444444,11,388,414,415,389,0,0,1,0,0.9444444444444444,11,390,416,417,391,0,0,1,0,0.9444444444444444,11,391,417,418,392,0,0,1,0,0.9444444444444444,11,392,418,419,393,0,0,1,0,0.9444444444444444,11,393,419,420,394,0,0,1,0,0.9444444444444444,11,394,420,421,395,0,0,1,0,0.9444444444444444,11,395,421,422,396,0,0,1,0,0.9444444444444444,11,396,422,423,397,1,0,1,0,0.9444444444444444,11,397,423,424,398,1,0,1,0,0.9444444444444444,11,398,424,425,399,1,0,1,0,0.9444444444444444,11,399,425,426,400,1,0,1,0,0.9444444444444444,11,400,426,427,401,1,0,1,0,0.9444444444444444,11,401,427,428,402,1,0,1,0,0.9444444444444444,11,402,428,429,403,1,0,1,0,0.9444444444444444,11,403,429,430,404,1,0,1,0,0.9444444444444444,11,404,430,431,405,1,0,1,0,0.9444444444444444,11,405,431,432,406,1,0,1,0,0.9444444444444444,11,406,432,433,407,1,0,1,0,0.9444444444444444,11,407,433,434,408,1,0,1,0,0.9444444444444444,11,408,434,435,409,0,0,1,0,0.9444444444444444,11,409,435,436,410,0,0,1,0,0.9444444444444444,11,410,436,437,411,0,0,1,0,0.9444444444444444,11,411,437,438,412,0,0,1,0,0.9444444444444444,11,412,438,439,413,0,0,1,0,0.9444444444444444,11,413,439,440,414,0,0,1,0,0.9444444444444444,11,414,440,441,415,0,0,1,0,0.9444444444444444,11,416,442,443,417,0,0,1,0,0.9444444444444444,11,417,443,444,418,0,0,1,0,0.9444444444444444,11,418,444,445,419,0,0,1,0,0.9444444444444444,11,419,445,446,420,0,0,1,0,0.9444444444444444,11,420,446,447,421,0,0,1,0,0.9444444444444444,11,421,447,448,422,0,0,1,0,0.9444444444444444,11,422,448,449,423,0,0,1,0,0.9444444444444444,11,423,449,450,424,0,0,1,0,0.9444444444444444,11,424,450,451,425,0,0,1,0,0.9444444444444444,11,425,451,452,426,0,0,1,0,0.9444444444444444,11,426,452,453,427,0,0,1,0,0.9444444444444444,11,427,453,454,428,0,0,1,0,0.9444444444444444,11,428,454,455,429,0,0,1,0,0.9444444444444444,11,429,455,456,430,0,0,1,0,0.9444444444444444,11,430,456,457,431,0,0,1,0,0.9444444444444444,11,431,457,458,432,0,0,1,0,0.9444444444444444,11,432,458,459,433,0,0,1,0,0.9444444444444444,11,433,459,460,434,0,0,1,0,0.9444444444444444,11,434,460,461,435,0,0,1,0,0.9444444444444444,11,435,461,462,436,0,0,1,0,0.9444444444444444,11,436,462,463,437,0,0,1,0,0.9444444444444444,11,437,463,464,438,0,0,1,0,0.9444444444444444,11,438,464,465,439,0,0,1,0,0.9444444444444444,11,439,465,466,440,0,0,1,0,0.9444444444444444,11,440,466,467,441,0,0,1,0,0.9444444444444444,11,442,468,469,443,0,0,1,0,0.9444444444444444,11,443,469,470,444,0,0,1,0,0.9444444444444444,11,444,470,471,445,0,0,1,0,0.9444444444444444,11,445,471,472,446,0,0,1,0,0.9444444444444444,11,446,472,473,447,0,0,1,0,0.9444444444444444,11,447,473,474,448,0,0,1,0,0.9444444444444444,11,448,474,475,449,0,0,1,0,0.9444444444444444,11,449,475,476,450,0,0,1,0,0.9444444444444444,11,450,476,477,451,0,0,1,0,0.9444444444444444,11,451,477,478,452,0,0,1,0,0.9444444444444444,11,452,478,479,453,0,0,1,0,0.9444444444444444,11,453,479,480,454,0,0,1,0,0.9444444444444444,11,454,480,481,455,0,0,1,0,0.9444444444444444,11,455,481,482,456,0,0,1,0,0.9444444444444444,11,456,482,483,457,0,0,1,0,0.9444444444444444,11,457,483,484,458,0,0,1,0,0.9444444444444444,11,458,484,485,459,0,0,1,0,0.9444444444444444,11,459,485,486,460,0,0,1,0,0.9444444444444444,11,460,486,487,461,0,0,1,0,0.9444444444444444,11,461,487,488,462,0,0,1,0,0.9444444444444444,11,462,488,489,463,0,0,1,0,0.9444444444444444,11,463,489,490,464,0,0,1,0,0.9444444444444444,11,464,490,491,465,0,0,1,0,0.9444444444444444,11,465,491,492,466,0,0,1,0,0.9444444444444444,11,466,492,493,467,0,0,1,0,0.9444444444444444]', '[]', '[]', '[]', 1, NULL, NULL, 'TERRAIN', '[[0,1,0,0.9444444444444444,0,1,0,0,0,1,0,0.9444444444444444,0,1,0,0,0,1,0,0.9444444444444444,0,1,0,0,0,1,0,0.9444444444444444,0,1,0,0,0,1,0,0.9444444444444444,0,1,0,0,0,1,0,0.9444444444444444,0,1,0,0,0,1,0,0.9444444444444444,0,1,0,0,0,1,0,0.9444444444444444,0,1,0,0,0,1,0,0.9444444444444444,0,1,0,0,0,1,0,0.9444444444444444,0,1,0,0,0,1,0,0.9444444444444444,0,1,0,0,0,1,0,0.9444444444444444,0,1,0,0,0,1,0,0.9444444444444444,0,1,0,0,0,1,0,0.9444444444444444,0,1,0,0,0,1,0,0.9444444444444444,0,1,0,0,0,1,0,0.9444444444444444,0,1,0,0,0,1,0,0.9444444444444444,0,1,0,0,0,1,0,0.9444444444444444,0,1,0,0,0,1,0,0.9444444444444444,0,1,0,0,0,1,0,0.9444444444444444,0,1,0,0,0,1,0,0.9444444444444444,0,1,0,0,0,1,0,0.9444444444444444,0,1,0,0,0,1,0,0.9444444444444444,0,1,0,0,0,1,0,0.9444444444444444,0,1,0,0,0,1,0,0.9444444444444444,0,1,0,0,0,1,0,0.9444444444444444,0,1,0,0,0,1,0,0.9444444444444444,0,1,0,0,0,1,0,0.9444444444444444,0,1,0,0,0,1,0,0.9444444444444444,0,1,0,0,0,1,0,0.9444444444444444,0,1,0,0,0,1,0,0.9444444444444444,0,1,0,0,0,1,0,0.9444444444444444,0,1,0,0,0,1,0,0.9444444444444444,0,1,0,0,0,1,0,0.9444444444444444,0,1,0,0,0,1,0,0.9444444444444444,0,1,0,0,0,1,0,0.9444444444444444,0,1,0,0,0,1,0,0.9444444444444444,0,1,0,0,0,1,0,0.9444444444444444,0,1,0,0,0,1,0,0.9444444444444444,0,1,0,0,0,1,0,0.9444444444444444,0,1,0,0,0,1,0,0.9444444444444444,0,1,0,0,0,1,0,0.9444444444444444,0,1,0,0,0,1,0,0.9444444444444444,0,1,0,0,0,1,0,0.9444444444444444,0,1,0,0,0,1,0,0.9444444444444444,0,1,0,0,0,1,0,0.9444444444444444,0,1,0,0,0,1,0,0.9444444444444444,0,1,0,0,0,1,0,0.9444444444444444,0,1,0,0,0,1,0,0.9444444444444444,0,1,0,0,0,1,0,0.9444444444444444,0,1,0,0,0,1,0,0.9444444444444444,0,1,0,0,0,1,0,0.9444444444444444,0,1,0,0,0,1,0,0.9444444444444444,0,1,0,0,0,1,0,0.9444444444444444,0,1,0,0,0,1,0,0.9444444444444444,0,1,0,0,0,1,0,0.9444444444444444,0,1,0,0,0,1,0,0.9444444444444444,0,1,0,0,0,1,0,0.9444444444444444,0,1,0,0,0,1,0,0.9444444444444444,0,1,0,0,0,1,0,0.9444444444444444,0,1,0,0,0,1,0,0.9444444444444444,0,1,0,0,0,1,0,0.9444444444444444,0,1,0,0,0,1,0,0.9444444444444444,0,1,0,0,0,1,0,0.9444444444444444,0,1,0,0,0,1,0,0.9444444444444444,0,1,0,0,0,1,0,0.9444444444444444,0,1,0,0,0,1,0,0.9444444444444444,0,1,0,0,0,1,0,0.9444444444444444,0,1,0,0,0,1,0,0.9444444444444444,0,1,0,0,0,1,0,0.9444444444444444,0,1,0,0,0,1,0,0.9444444444444444,0,1,0,0,0,1,0,0.9444444444444444,0,1,0,0,0,1,0,0.9444444444444444,0,1,0,0,0,1,0,0.9444444444444444,0,1,0,0,0,1,0,0.9444444444444444,0,1,0,0,0,1,0,0.9444444444444444,0,1,0,0,0,1,0,0.9444444444444444,0,1,0,0,0,1,0,0.9444444444444444,0,1,0,0,0,1,0,0.9444444444444444,0,1,0,0,0,1,0,0.9444444444444444,0,1,0,0,0,1,0,0.9444444444444444,0,1,0,0,0,1,0,0.9444444444444444,0,1,0,0,0,1,0,0.9444444444444444,0,1,0,0,0,1,0,0.9444444444444444,0,1,0,0,0,1,0,0.9444444444444444,0,1,0,0,0,1,0,0.9444444444444444,0,1,0,0,0,1,0,0.9444444444444444,0,1,0,0,0,1,0,0.9444444444444444,0,1,0,0,0,1,0,0.9444444444444444,0,1,0,0,0,1,0,0.9444444444444444,0,1,0,0,0,1,0,0.9444444444444444,0,1,0,0,0,1,0,0.9444444444444444,0,1,0,0,0,1,0,0.9444444444444444,0,1,0,0,0,1,0,0.9444444444444444,0,1,0,0,0,1,0,0.9444444444444444,0,1,0,0,0,1,0,0.9444444444444444,0,1,0,0,0,1,0,0.9444444444444444,0,1,0,0,0,1,0,0.9444444444444444,0,1,0,0,0,1,0,0.9444444444444444,0,1,0,0,0,1,0,0.9444444444444444,0,1,0,0,0,1,0,0.9444444444444444,0,1,0,0,0,1,0,0.9444444444444444,0,1,0,0,0,1,0,0.9444444444444444,0,1,0,0,0,1,0,0.9444444444444444,0,1,0,0,0,1,0,0.9444444444444444,0,1,0,0,0,1,0,0.9444444444444444,0,1,0,0,0,1,0,0.9444444444444444,0,1,0,0,0,1,0,0.9444444444444444,0,1,0,0,0,1,0,0.9444444444444444,0,1,0,0,0,1,0,0.9444444444444444,0,1,0,0,0,1,0,0.9444444444444444,0,1,0,0,0,1,0,0.9444444444444444,0,1,0,0,0,1,0,0.9444444444444444,0,1,0,0,0,1,0,0.9444444444444444,0,1,0,0,0,1,0,0.9444444444444444,0,1,0,0,0,1,0,0.9444444444444444,0,1,0,0,0,1,0,0.9444444444444444,0,1,0,0,0,1,0,0.9444444444444444,0,1,0,0,0,1,0,0.9444444444444444,0,1,0,0,0,1,0,0.9444444444444444,0,1,0,0,0,1,0,0.9444444444444444,0,1,0,0,0,1,0,0.9444444444444444,0,1,0,0,0,1,0,0.9444444444444444,0,1,0,0,0,1,0,0.9444444444444444,0,1,0,0,0,1,0,0.9444444444444444,0,1,0,0,0,1,0,0.9444444444444444,0,1,0,0,0,1,0,0.9444444444444444,0,1,0,0,0,1,0,0.9444444444444444,0,1,0,0,0,1,0,0.9444444444444444,0,1,0,0,0,1,0,0.9444444444444444,0,1,0,0,0,1,0,0.9444444444444444,0,1,0,0,0,1,0,0.9444444444444444,0,1,0,0,0,1,0,0.9444444444444444,0,1,0,0,0,1,0,0.9444444444444444,0,1,0,0,0,1,0,0.9444444444444444,0,1,0,0,0,1,0,0.9444444444444444,0,1,0,0,0,1,0,0.9444444444444444,0,1,0,0,0,1,0,0.9444444444444444,0,1,0,0,0,1,0,0.9444444444444444,0,1,0,0,0,1,0,0.9444444444444444,0,1,0,0,0,1,0,0.9444444444444444,0,1,0,0,0,1,0,0.9444444444444444,0,1,0,0,0,1,0,0.9444444444444444,0,1,0,0,0,1,0,0.9444444444444444,0,1,0,0,0,1,0,0.9444444444444444,0,1,0,0,0,1,0,0.9444444444444444,0,1,0,0,0,1,0,0.9444444444444444,0,1,0,0,0,1,0,0.9444444444444444,0,1,0,0,0,1,0,0.9444444444444444,0,1,0,0,0,1,0,0.9444444444444444,0,1,0,0,0,1,0,0.9444444444444444,0,1,0,0,0,1,0,0.9444444444444444,0,1,0,0,0,1,0,0.9444444444444444,0,1,0,0,0,1,0,0.9444444444444444,0,1,0,0,0,1,0,0.9444444444444444,0,1,0,0,0,1,0,0.9444444444444444,0,1,0,0,0,1,0,0.9444444444444444,0,1,0,0,0,1,0,0.9444444444444444,0,1,0,0,0,1,0,0.9444444444444444,0,1,0,0,0,1,0,0.9444444444444444,0,1,0,0,0,1,0,0.9444444444444444,0,1,0,0,0,1,0,0.9444444444444444,0,1,0,0,0,1,0,0.9444444444444444,0,1,0,0,0,1,0,0.9444444444444444,0,1,0,0,0,1,0,0.9444444444444444,0,1,0,0,0,1,0,0.9444444444444444,0,1,0,0,0,1,0,0.9444444444444444,0,1,0,0,0,1,0,0.9444444444444444,0,1,0,0,0,1,0,0.9444444444444444,0,1,0,0,0,1,0,0.9444444444444444,0,1,0,0,0,1,0,0.9444444444444444,0,1,0,0,0,1,0,0.9444444444444444,0,1,0,0,0,1,0,0.9444444444444444,0,1,0,0,0,1,0,0.9444444444444444,0,1,0,0,0,1,0,0.9444444444444444,0,1,0,0,0,1,0,0.9444444444444444,0,1,0,0,0,1,0,0.9444444444444444,0,1,0,0,0,1,0,0.9444444444444444,0,1,0,0,0,1,0,0.9444444444444444,0,1,0,0,0,1,0,0.9444444444444444,0,1,0,0,0,1,0,0.9444444444444444,0,1,0,0,0,1,0,0.9444444444444444,0,1,0,0,0,1,0,0.9444444444444444,0,1,0,0,0,1,0,0.9444444444444444,0,1,0,0,0,1,0,0.9444444444444444,0,1,0,0,0,1,0,0.9444444444444444,0,1,0,0,0,1,0,0.9444444444444444,0,1,0,0,0,1,0,0.9444444444444444,0,1,0,0,0,1,0,0.9444444444444444,0,1,0,0,0,1,0,0.9444444444444444,0,1,0,0,0,1,0,0.9444444444444444,0,1,0,0,0,1,0,0.9444444444444444,0,1,0,0,0,1,0,0.9444444444444444,0,1,0,0,0,1,0,0.9444444444444444,0,1,0,0,0,1,0,0.9444444444444444,0,1,0,0,0,1,0,0.9444444444444444,0,1,0,0,0,1,0,0.9444444444444444,0,1,0,0,0,1,0,0.9444444444444444,0,1,0,0,0,1,0,0.9444444444444444,0,1,0,0,0,1,0,0.9444444444444444,0,1,0,0,0,1,0,0.9444444444444444,0,1,0,0,0,1,0,0.9444444444444444,0,1,0,0,0,1,0,0.9444444444444444,0,1,0,0,0,1,0,0.9444444444444444,0,1,0,0,0,1,0,0.9444444444444444,0,1,0,0,0,1,0,0.9444444444444444,0,1,0,0,0,1,0,0.9444444444444444,0,1,0,0,0,1,0,0.9444444444444444,0,1,0,0,0,1,0,0.9444444444444444,0,1,0,0,0,1,0,0.9444444444444444,0,1,0,0,0,1,0,0.9444444444444444,0,1,0,0,0,1,0,0.9444444444444444,0,1,0,0,0,1,0,0.9444444444444444,0,1,0,0,0,1,0,0.9444444444444444,0,1,0,0,0,1,0,0.9444444444444444,0,1,0,0,0,1,0,0.9444444444444444,0,1,0,0,0,1,0,0.9444444444444444,0,1,0,0,0,1,0,0.9444444444444444,0,1,0,0,0,1,0,0.9444444444444444,0,1,0,0,0,1,0,0.9444444444444444,0,1,0,0,0,1,0,0.9444444444444444,0,1,0,0,0,1,0,0.9444444444444444,0,1,0,0,0,1,0,0.9444444444444444,0,1,0,0,0,1,0,0.9444444444444444,0,1,0,0,0,1,0,0.9444444444444444,0,1,0,0,0,1,0,0.9444444444444444,0,1,0,0,0,1,0,0.9444444444444444,0,1,0,0,0,1,0,0.9444444444444444,0,1,0,0,0,1,0,0.9444444444444444,0,1,0,0,0,1,0,0.9444444444444444,0,1,0,0,0,1,0,0.9444444444444444,0,1,0,0,0,1,0,0.9444444444444444,0,1,0,0,0,1,0,0.9444444444444444,0,1,0,0,0,1,0,0.9444444444444444,0,1,0,0,0,1,0,0.9444444444444444,0,1,0,0,0,1,0,0.9444444444444444,0,1,0,0,0,1,0,0.9444444444444444,0,1,0,0,0,1,0,0.9444444444444444,0,1,0,0,0,1,0,0.9444444444444444,0,1,0,0,0,1,0,0.9444444444444444,0,1,0,0,0,1,0,0.9444444444444444,0,1,0,0,0,1,0,0.9444444444444444,0,1,0,0,0,1,0,0.9444444444444444,0,1,0,0,0,1,0,0.9444444444444444,0,1,0,0,0,1,0,0.9444444444444444,0,1,0,0,0,1,0,0.9444444444444444,0,1,0,0,0,1,0,0.9444444444444444,0,1,0,0,0,1,0,0.9444444444444444,0,1,0,0,0,1,0,0.9444444444444444,0,1,0,0,0,1,0,0.9444444444444444,0,1,0,0,0,1,0,0.9444444444444444,0,1,0,0,0,1,0,0.9444444444444444,0,1,0,0,0,1,0,0.9444444444444444,0,1,0,0,0,1,0,0.9444444444444444,0,1,0,0,0,1,0,0.9444444444444444,0,1,0,0,0,1,0,0.9444444444444444,0,1,0,0,0,1,0,0.9444444444444444,0,1,0,0,0,1,0,0.9444444444444444,0,1,0,0,0,1,0,0.9444444444444444,0,1,0,0,0,1,0,0.9444444444444444,0,1,0,0,0,1,0,0.9444444444444444,0,1,0,0,0,1,0,0.9444444444444444,0,1,0,0,0,1,0,0.9444444444444444,0,1,0,0,0,1,0,0.9444444444444444,0,1,0,0,0,1,0,0.9444444444444444,0,1,0,0,0,1,0,0.9444444444444444,0,1,0,0,0,1,0,0.9444444444444444,0,1,0,0,0,1,0,0.9444444444444444,0,1,0,0,0,1,0,0.9444444444444444,0,1,0,0,0,1,0,0.9444444444444444,0,1,0,0,0,1,0,0.9444444444444444,0,1,0,0,0,1,0,0.9444444444444444,0,1,0,0,0,1,0,0.9444444444444444,0,1,0,0,0,1,0,0.9444444444444444,0,1,0,0,0,1,0,0.9444444444444444,0,1,0,0,0,1,0,0.9444444444444444,0,1,0,0,0,1,0,0.9444444444444444,0,1,0,0,0,1,0,0.9444444444444444,0,1,0,0,0,1,0,0.9444444444444444,0,1,0,0,0,1,0,0.9444444444444444,0,1,0,0,0,1,0,0.9444444444444444,0,1,0,0,0,1,0,0.9444444444444444,0,1,0,0,0,1,0,0.9444444444444444,0,1,0,0,0,1,0,0.9444444444444444,0,1,0,0,0,1,0,0.9444444444444444,0,1,0,0,0,1,0,0.9444444444444444,0,1,0,0,0,1,0,0.9444444444444444,0,1,0,0,0,1,0,0.9444444444444444,0,1,0,0,0,1,0,0.9444444444444444,0,1,0,0,0,1,0,0.9444444444444444,0,1,0,0,0,1,0,0.9444444444444444,0,1,0,0,0,1,0,0.9444444444444444,0,1,0,0,0,1,0,0.9444444444444444,0,1,0,0,0,1,0,0.9444444444444444,0,1,0,0,0,1,0,0.9444444444444444,0,1,0,0,0,1,0,0.9444444444444444,0,1,0,0,0,1,0,0.9444444444444444,0,1,0,0,0,1,0,0.9444444444444444,0,1,0,0,0,1,0,0.9444444444444444,0,1,0,0,0,1,0,0.9444444444444444,0,1,0,0,0,1,0,0.9444444444444444,0,1,0,0,0,1,0,0.9444444444444444,0,1,0,0,0,1,0,0.9444444444444444,0,1,0,0,0,1,0,0.9444444444444444,0,1,0,0,0,1,0,0.9444444444444444,0,1,0,0,0,1,0,0.9444444444444444,0,1,0,0,0,1,0,0.9444444444444444,0,1,0,0,0,1,0,0.9444444444444444,0,1,0,0,0,1,0,0.9444444444444444,0,1,0,0,0,1,0,0.9444444444444444,0,1,0,0,0,1,0,0.9444444444444444,0,1,0,0,0,1,0,0.9444444444444444,0,1,0,0,0,1,0,0.9444444444444444,0,1,0,0,0,1,0,0.9444444444444444,0,1,0,0,0,1,0,0.9444444444444444,0,1,0,0,0,1,0,0.9444444444444444,0,1,0,0,0,1,0,0.9444444444444444,0,1,0,0,0,1,0,0.9444444444444444,0,1,0,0,0,1,0,0.9444444444444444,0,1,0,0,0,1,0,0.9444444444444444,0,1,0,0,0,1,0,0.9444444444444444,0,1,0,0,0,1,0,0.9444444444444444,0,1,0,0,0,1,0,0.9444444444444444,0,1,0,0,0,1,0,0.9444444444444444,0,1,0,0,0,1,0,0.9444444444444444,0,1,0,0,0,1,0,0.9444444444444444,0,1,0,0,0,1,0,0.9444444444444444,0,1,0,0,0,1,0,0.9444444444444444,0,1,0,0,0,1,0,0.9444444444444444,0,1,0,0,0,1,0,0.9444444444444444,0,1,0,0,0,1,0,0.9444444444444444,0,1,0,0,0,1,0,0.9444444444444444,0,1,0,0,0,1,0,0.9444444444444444,0,1,0,0,0,1,0,0.9444444444444444,0,1,0,0,0,1,0,0.9444444444444444,0,1,0,0,0,1,0,0.9444444444444444,0,1,0,0,0,1,0,0.9444444444444444,0,1,0,0,0,1,0,0.9444444444444444,0,1,0,0,0,1,0,0.9444444444444444,0,1,0,0,0,1,0,0.9444444444444444,0,1,0,0,0,1,0,0.9444444444444444,0,1,0,0,0,1,0,0.9444444444444444,0,1,0,0,0,1,0,0.9444444444444444,0,1,0,0,0,1,0,0.9444444444444444,0,1,0,0,0,1,0,0.9444444444444444,0,1,0,0,0,1,0,0.9444444444444444,0,1,0,0,0,1,0,0.9444444444444444,0,1,0,0,0,1,0,0.9444444444444444,0,1,0,0,0,1,0,0.9444444444444444,0,1,0,0,0,1,0,0.9444444444444444,0,1,0,0,0,1,0,0.9444444444444444,0,1,0,0,0,1,0,0.9444444444444444,0,1,0,0,0,1,0,0.9444444444444444,0,1,0,0,0,1,0,0.9444444444444444,0,1,0,0,0,1,0,0.9444444444444444,0,1,0,0,0,1,0,0.9444444444444444,0,1,0,0,0,1,0,0.9444444444444444,0,1,0,0,0,1,0,0.9444444444444444,0,1,0,0,0,1,0,0.9444444444444444,0,1,0,0,0,1,0,0.9444444444444444,0,1,0,0,0,1,0,0.9444444444444444,0,1,0,0,0,1,0,0.9444444444444444,0,1,0,0,0,1,0,0.9444444444444444,0,1,0,0,0,1,0,0.9444444444444444,0,1,0,0,0,1,0,0.9444444444444444,0,1,0,0,0,1,0,0.9444444444444444,0,1,0,0,0,1,0,0.9444444444444444,0,1,0,0,0,1,0,0.9444444444444444,0,1,0,0,0,1,0,0.9444444444444444,0,1,0,0,0,1,0,0.9444444444444444,0,1,0,0,0,1,0,0.9444444444444444,0,1,0,0,0,1,0,0.9444444444444444,0,1,0,0,0,1,0,0.9444444444444444,0,1,0,0,0,1,0,0.9444444444444444,0,1,0,0,0,1,0,0.9444444444444444,0,1,0,0,0,1,0,0.9444444444444444,0,1,0,0,0,1,0,0.9444444444444444,0,1,0,0,0,1,0,0.9444444444444444,0,1,0,0,0,1,0,0.9444444444444444,0,1,0,0,0,1,0,0.9444444444444444,0,1,0,0,0,1,0,0.9444444444444444,0,1,0,0,0,1,0,0.9444444444444444,0,1,0,0,0,1,0,0.9444444444444444,0,1,0,0,0,1,0,0.9444444444444444,0,1,0,0,0,1,0,0.9444444444444444,0,1,0,0,0,1,0,0.9444444444444444,0,1,0,0,0,1,0,0.9444444444444444,0,1,0,0,0,1,0,0.9444444444444444,0,1,0,0,0,1,0,0.9444444444444444,0,1,0,0,0,1,0,0.9444444444444444,0,1,0,0,0,1,0,0.9444444444444444,0,1,0,0,0,1,0,0.9444444444444444,0,1,0,0,0,1,0,0.9444444444444444,0,1,0,0,0,1,0,0.9444444444444444,0,1,0,0,0,1,0,0.9444444444444444,0,1,0,0,0,1,0,0.9444444444444444,0,1,0,0,0,1,0,0.9444444444444444,0,1,0,0,0,1,0,0.9444444444444444,0,1,0,0,0,1,0,0.9444444444444444,0,1,0,0,0,1,0,0.9444444444444444,0,1,0,0,0,1,0,0.9444444444444444,0,1,0,0,0,1,0,0.9444444444444444,0,1,0,0,0,1,0,0.9444444444444444,0,1,0,0,0,1,0,0.9444444444444444,0,1,0,0,0,1,0,0.9444444444444444,0,1,0,0,0,1,0,0.9444444444444444,0,1,0,0,0,1,0,0.9444444444444444,0,1,0,0,0,1,0,0.9444444444444444,0,1,0,0,0,1,0,0.9444444444444444,0,1,0,0,0,1,0,0.9444444444444444,0,1,0,0,0,1,0,0.9444444444444444,0,1,0,0,0,1,0,0.9444444444444444,0,1,0,0,0,1,0,0.9444444444444444,0,1,0,0,0,1,0,0.9444444444444444,0,1,0,0,0,1,0,0.9444444444444444,0,1,0,0,0,1,0,0.9444444444444444,0,1,0,0,0,1,0,0.9444444444444444,0,1,0,0,0,1,0,0.9444444444444444,0,1,0,0,0,1,0,0.9444444444444444,0,1,0,0,0,1,0,0.9444444444444444,0,1,0,0,0,1,0,0.9444444444444444,0,1,0,0,0,1,0,0.9444444444444444,0,1,0,0,0,1,0,0.9444444444444444,0,1,0,0,0,1,0,0.9444444444444444,0,1,0,0,0,1,0,0.9444444444444444,0,1,0,0,0,1,0,0.9444444444444444,0,1,0,0,0,1,0,0.9444444444444444,0,1,0,0,0,1,0,0.9444444444444444,0,1,0,0,0,1,0,0.9444444444444444,0,1,0,0,0,1,0,0.9444444444444444,0,1,0,0,0,1,0,0.9444444444444444,0,1,0,0,0,1,0,0.9444444444444444,0,1,0,0,0,1,0,0.9444444444444444,0,1,0,0,0,1,0,0.9444444444444444,0,1,0,0,0,1,0,0.9444444444444444,0,1,0,0,0,1,0,0.9444444444444444,0,1,0,0,0,1,0,0.9444444444444444,0,1,0,0,0,1,0,0.9444444444444444,0,1,0,0,0,1,0,0.9444444444444444,0,1,0,0,0,1,0,0.9444444444444444,0,1,0,0,0,1,0,0.9444444444444444,0,1,0,0,0,1,0,0.9444444444444444,0,1,0,0,0,1,0,0.9444444444444444,0,1,0,0,0,1,0,0.9444444444444444,0,1,0,0,0,1,0,0.9444444444444444,0,1,0,0,0,1,0,0.9444444444444444,0,1,0,0,0,1,0,0.9444444444444444,0,1,0,0,0,1,0,0.9444444444444444,0,1,0,0,0,1,0,0.9444444444444444,0,1,0,0,0,1,0,0.9444444444444444,0,1,0,0]]', '[-125,87.5,0,-115,87.5,0,-105,87.5,0,-95,87.5,0,-85,87.5,0,-75,87.5,0,-65,87.5,0,-55,87.5,0,-45,87.5,0,-35,87.5,0,-25,87.5,0,-15,87.5,0,-5,87.5,0,5,87.5,0,15,87.5,0,25,87.5,0,35,87.5,0,45,87.5,0,55,87.5,0,65,87.5,0,75,87.5,0,85,87.5,0,95,87.5,0,105,87.5,0,115,87.5,0,125,87.5,0,-125,77.77777777777777,0,-115,77.77777777777777,0,-105,77.77777777777777,0,-95,77.77777777777777,0,-85,77.77777777777777,0,-75,77.77777777777777,0,-65,77.77777777777777,0,-55,77.77777777777777,0,-45,77.77777777777777,0,-35,77.77777777777777,0,-25,77.77777777777777,0,-15,77.77777777777777,0,-5,77.77777777777777,0,5,77.77777777777777,0,15,77.77777777777777,0,25,77.77777777777777,0,35,77.77777777777777,0,45,77.77777777777777,0,55,77.77777777777777,0,65,77.77777777777777,0,75,77.77777777777777,0,85,77.77777777777777,0,95,77.77777777777777,0,105,77.77777777777777,0,115,77.77777777777777,0,125,77.77777777777777,0,-125,68.05555555555556,0,-115,68.05555555555556,0,-105,68.05555555555556,0,-95,68.05555555555556,0,-85,68.05555555555556,0,-75,68.05555555555556,0,-65,68.05555555555556,0,-55,68.05555555555556,0,-45,68.05555555555556,0,-35,68.05555555555556,0,-25,68.05555555555556,0,-15,68.05555555555556,0,-5,68.05555555555556,0,5,68.05555555555556,0,15,68.05555555555556,0,25,68.05555555555556,0,35,68.05555555555556,0,45,68.05555555555556,0,55,68.05555555555556,0,65,68.05555555555556,0,75,68.05555555555556,0,85,68.05555555555556,0,95,68.05555555555556,0,105,68.05555555555556,0,115,68.05555555555556,0,125,68.05555555555556,0,-125,58.333333333333336,0,-115,58.333333333333336,0,-105,58.333333333333336,0,-95,58.333333333333336,0,-85,58.333333333333336,0,-75,58.333333333333336,0,-65,58.333333333333336,0,-55,58.333333333333336,0,-45,58.333333333333336,0,-35,58.333333333333336,0,-25,58.333333333333336,0,-15,58.333333333333336,0,-5,58.333333333333336,0,5,58.333333333333336,0,15,58.333333333333336,0,25,58.333333333333336,0,35,58.333333333333336,0,45,58.333333333333336,0,55,58.333333333333336,0,65,58.333333333333336,0,75,58.333333333333336,0,85,58.333333333333336,0,95,58.333333333333336,0,105,58.333333333333336,0,115,58.333333333333336,0,125,58.333333333333336,0,-125,48.611111111111114,0,-115,48.611111111111114,0,-105,48.611111111111114,0,-95,48.611111111111114,0,-85,48.611111111111114,0,-75,48.611111111111114,0,-65,48.611111111111114,0,-55,48.611111111111114,0,-45,48.611111111111114,0,-35,48.611111111111114,0,-25,48.611111111111114,0,-15,48.611111111111114,0,-5,48.611111111111114,0,5,48.611111111111114,0,15,48.611111111111114,0,25,48.611111111111114,0,35,48.611111111111114,0,45,48.611111111111114,0,55,48.611111111111114,0,65,48.611111111111114,0,75,48.611111111111114,0,85,48.611111111111114,0,95,48.611111111111114,0,105,48.611111111111114,0,115,48.611111111111114,0,125,48.611111111111114,0,-125,38.88888888888889,0,-115,38.88888888888889,0,-105,38.88888888888889,0,-95,38.88888888888889,0,-85,38.88888888888889,0,-75,38.88888888888889,0,-65,38.88888888888889,0,-55,38.88888888888889,0,-45,38.88888888888889,0,-35,38.88888888888889,0,-25,38.88888888888889,0,-15,38.88888888888889,0,-5,38.88888888888889,0,5,38.88888888888889,0,15,38.88888888888889,0,25,38.88888888888889,0,35,38.88888888888889,0,45,38.88888888888889,0,55,38.88888888888889,0,65,38.88888888888889,0,75,38.88888888888889,0,85,38.88888888888889,0,95,38.88888888888889,0,105,38.88888888888889,0,115,38.88888888888889,0,125,38.88888888888889,0,-125,29.16666666666667,0,-115,29.16666666666667,0,-105,29.16666666666667,0,-95,29.16666666666667,0,-85,29.16666666666667,0,-75,29.16666666666667,0,-65,29.16666666666667,0,-55,29.16666666666667,0,-45,29.16666666666667,0,-35,29.16666666666667,0,-25,29.16666666666667,0,-15,29.16666666666667,0,-5,29.16666666666667,0,5,29.16666666666667,0,15,29.16666666666667,0,25,29.16666666666667,0,35,29.16666666666667,0,45,29.16666666666667,0,55,29.16666666666667,0,65,29.16666666666667,0,75,29.16666666666667,0,85,29.16666666666667,0,95,29.16666666666667,0,105,29.16666666666667,0,115,29.16666666666667,0,125,29.16666666666667,0,-125,19.444444444444457,0,-115,19.444444444444457,0,-105,19.444444444444457,0,-95,19.444444444444457,0,-85,19.444444444444457,0,-75,19.444444444444457,0,-65,19.444444444444457,0,-55,19.444444444444457,0,-45,19.444444444444457,0,-35,19.444444444444457,0,-25,19.444444444444457,0,-15,19.444444444444457,0,-5,19.444444444444457,0,5,19.444444444444457,0,15,19.444444444444457,0,25,19.444444444444457,0,35,19.444444444444457,0,45,19.444444444444457,0,55,19.444444444444457,0,65,19.444444444444457,0,75,19.444444444444457,0,85,19.444444444444457,0,95,19.444444444444457,0,105,19.444444444444457,0,115,19.444444444444457,0,125,19.444444444444457,0,-125,9.722222222222229,0,-115,9.722222222222229,0,-105,9.722222222222229,0,-95,9.722222222222229,0,-85,9.722222222222229,0,-75,9.722222222222229,0,-65,9.722222222222229,0,-55,9.722222222222229,0,-45,9.722222222222229,0,-35,9.722222222222229,0,-25,9.722222222222229,0,-15,9.722222222222229,0,-5,9.722222222222229,0,5,9.722222222222229,0,15,9.722222222222229,0,25,9.722222222222229,0,35,9.722222222222229,0,45,9.722222222222229,0,55,9.722222222222229,0,65,9.722222222222229,0,75,9.722222222222229,0,85,9.722222222222229,0,95,9.722222222222229,0,105,9.722222222222229,0,115,9.722222222222229,0,125,9.722222222222229,0,-125,0,0,-115,0,0,-105,0,0,-95,0,0,-85,0,0,-75,0,0,-65,0,0,-55,0,0,-45,0,0,-35,0,0,-25,0,0,-15,0,0,-5,0,0,5,0,0,15,0,0,25,0,0,35,0,0,45,0,0,55,0,0,65,0,0,75,0,0,85,0,0,95,0,0,105,0,0,115,0,0,125,0,0,-125,-9.722222222222214,0,-115,-9.722222222222214,0,-105,-9.722222222222214,0,-95,-9.722222222222214,0,-85,-9.722222222222214,0,-75,-9.722222222222214,0,-65,-9.722222222222214,0,-55,-9.722222222222214,0,-45,-9.722222222222214,0,-35,-9.722222222222214,0,-25,-9.722222222222214,0,-15,-9.722222222222214,0,-5,-9.722222222222214,0,5,-9.722222222222214,0,15,-9.722222222222214,0,25,-9.722222222222214,0,35,-9.722222222222214,0,45,-9.722222222222214,0,55,-9.722222222222214,0,65,-9.722222222222214,0,75,-9.722222222222214,0,85,-9.722222222222214,0,95,-9.722222222222214,0,105,-9.722222222222214,0,115,-9.722222222222214,0,125,-9.722222222222214,0,-125,-19.44444444444443,0,-115,-19.44444444444443,0,-105,-19.44444444444443,0,-95,-19.44444444444443,0,-85,-19.44444444444443,0,-75,-19.44444444444443,0,-65,-19.44444444444443,0,-55,-19.44444444444443,0,-45,-19.44444444444443,0,-35,-19.44444444444443,0,-25,-19.44444444444443,0,-15,-19.44444444444443,0,-5,-19.44444444444443,0,5,-19.44444444444443,0,15,-19.44444444444443,0,25,-19.44444444444443,0,35,-19.44444444444443,0,45,-19.44444444444443,0,55,-19.44444444444443,0,65,-19.44444444444443,0,75,-19.44444444444443,0,85,-19.44444444444443,0,95,-19.44444444444443,0,105,-19.44444444444443,0,115,-19.44444444444443,0,125,-19.44444444444443,0,-125,-29.166666666666657,0,-115,-29.166666666666657,0,-105,-29.166666666666657,0,-95,-29.166666666666657,0,-85,-29.166666666666657,0,-75,-29.166666666666657,0,-65,-29.166666666666657,0,-55,-29.166666666666657,0,-45,-29.166666666666657,0,-35,-29.166666666666657,0,-25,-29.166666666666657,0,-15,-29.166666666666657,0,-5,-29.166666666666657,0,5,-29.166666666666657,0,15,-29.166666666666657,0,25,-29.166666666666657,0,35,-29.166666666666657,0,45,-29.166666666666657,0,55,-29.166666666666657,0,65,-29.166666666666657,0,75,-29.166666666666657,0,85,-29.166666666666657,0,95,-29.166666666666657,0,105,-29.166666666666657,0,115,-29.166666666666657,0,125,-29.166666666666657,0,-125,-38.888888888888886,0,-115,-38.888888888888886,0,-105,-38.888888888888886,0,-95,-38.888888888888886,0,-85,-38.888888888888886,0,-75,-38.888888888888886,0,-65,-38.888888888888886,0,-55,-38.888888888888886,0,-45,-38.888888888888886,0,-35,-38.888888888888886,0,-25,-38.888888888888886,0,-15,-38.888888888888886,0,-5,-38.888888888888886,0,5,-38.888888888888886,0,15,-38.888888888888886,0,25,-38.888888888888886,0,35,-38.888888888888886,0,45,-38.888888888888886,0,55,-38.888888888888886,0,65,-38.888888888888886,0,75,-38.888888888888886,0,85,-38.888888888888886,0,95,-38.888888888888886,0,105,-38.888888888888886,0,115,-38.888888888888886,0,125,-38.888888888888886,0,-125,-48.611111111111086,0,-115,-48.611111111111086,0,-105,-48.611111111111086,0,-95,-48.611111111111086,0,-85,-48.611111111111086,0,-75,-48.611111111111086,0,-65,-48.611111111111086,0,-55,-48.611111111111086,0,-45,-48.611111111111086,0,-35,-48.611111111111086,0,-25,-48.611111111111086,0,-15,-48.611111111111086,0,-5,-48.611111111111086,0,5,-48.611111111111086,0,15,-48.611111111111086,0,25,-48.611111111111086,0,35,-48.611111111111086,0,45,-48.611111111111086,0,55,-48.611111111111086,0,65,-48.611111111111086,0,75,-48.611111111111086,0,85,-48.611111111111086,0,95,-48.611111111111086,0,105,-48.611111111111086,0,115,-48.611111111111086,0,125,-48.611111111111086,0,-125,-58.333333333333314,0,-115,-58.333333333333314,0,-105,-58.333333333333314,0,-95,-58.333333333333314,0,-85,-58.333333333333314,0,-75,-58.333333333333314,0,-65,-58.333333333333314,0,-55,-58.333333333333314,0,-45,-58.333333333333314,0,-35,-58.333333333333314,0,-25,-58.333333333333314,0,-15,-58.333333333333314,0,-5,-58.333333333333314,0,5,-58.333333333333314,0,15,-58.333333333333314,0,25,-58.333333333333314,0,35,-58.333333333333314,0,45,-58.333333333333314,0,55,-58.333333333333314,0,65,-58.333333333333314,0,75,-58.333333333333314,0,85,-58.333333333333314,0,95,-58.333333333333314,0,105,-58.333333333333314,0,115,-58.333333333333314,0,125,-58.333333333333314,0,-125,-68.05555555555554,0,-115,-68.05555555555554,0,-105,-68.05555555555554,0,-95,-68.05555555555554,0,-85,-68.05555555555554,0,-75,-68.05555555555554,0,-65,-68.05555555555554,0,-55,-68.05555555555554,0,-45,-68.05555555555554,0,-35,-68.05555555555554,0,-25,-68.05555555555554,0,-15,-68.05555555555554,0,-5,-68.05555555555554,0,5,-68.05555555555554,0,15,-68.05555555555554,0,25,-68.05555555555554,0,35,-68.05555555555554,0,45,-68.05555555555554,0,55,-68.05555555555554,0,65,-68.05555555555554,0,75,-68.05555555555554,0,85,-68.05555555555554,0,95,-68.05555555555554,0,105,-68.05555555555554,0,115,-68.05555555555554,0,125,-68.05555555555554,0,-125,-77.77777777777777,0,-115,-77.77777777777777,0,-105,-77.77777777777777,0,-95,-77.77777777777777,0,-85,-77.77777777777777,0,-75,-77.77777777777777,0,-65,-77.77777777777777,0,-55,-77.77777777777777,0,-45,-77.77777777777777,0,-35,-77.77777777777777,0,-25,-77.77777777777777,0,-15,-77.77777777777777,0,-5,-77.77777777777777,0,5,-77.77777777777777,0,15,-77.77777777777777,0,25,-77.77777777777777,0,35,-77.77777777777777,0,45,-77.77777777777777,0,55,-77.77777777777777,0,65,-77.77777777777777,0,75,-77.77777777777777,0,85,-77.77777777777777,0,95,-77.77777777777777,0,105,-77.77777777777777,0,115,-77.77777777777777,0,125,-77.77777777777777,0,-125,-87.5,0,-115,-87.5,0,-105,-87.5,0,-95,-87.5,0,-85,-87.5,0,-75,-87.5,0,-65,-87.5,0,-55,-87.5,0,-45,-87.5,0,-35,-87.5,0,-25,-87.5,0,-15,-87.5,0,-5,-87.5,0,5,-87.5,0,15,-87.5,0,25,-87.5,0,35,-87.5,0,45,-87.5,0,55,-87.5,0,65,-87.5,0,75,-87.5,0,85,-87.5,0,95,-87.5,0,105,-87.5,0,115,-87.5,0,125,-87.5,0]', 114);

INSERT IGNORE INTO `material` (`id`, `attributes`, `blending`, `color`, `colorAmbient`, `colorDiffuse`, `colorSpecular`, `dbgColor`, `dbgIndex`, `dbgname`, `depthTest`, `depthWrite`, `fragmentShader`, `mapBump`, `mapBumpScale`, `mapBumpWrap`, `mapDiffuse`, `mapDiffuseWrap`, `mapLight`, `mapLightWrap`, `mapNormal`, `mapNormalWrap`, `mapSpecular`, `mapSpecularWrap`, `name`, `opacity`, `shading`, `sortIndex`, `specularCoef`, `transparency`, `transparent`, `uniforms`, `vertexColors`, `vertexShader`, `visible`, `texture_id`) VALUES
	(107, NULL, 'NormalBlending', '#006600', '[1.0, 1.0, 1.0]', '[1.0, 1.0, 1.0]', '[0.0, 0.0, 0.0]', NULL, NULL, NULL, '', '', NULL, NULL, 1, NULL, NULL, NULL, NULL, NULL, NULL, NULL, NULL, NULL, 'Terrain', 1, 'SmoothShading', 0, 30, 1, '', NULL, '', NULL, '', NULL),
	(108, NULL, 'NormalBlending', '#808080', '[1.0, 1.0, 1.0]', '[1.0, 1.0, 1.0]', '[0.0, 0.0, 0.0]', NULL, NULL, NULL, '', '', NULL, NULL, 1, NULL, NULL, NULL, NULL, NULL, NULL, NULL, NULL, NULL, 'Mat.2', 1, 'SmoothShading', 1, 30, 1, '', NULL, '', NULL, '', NULL);	
	
INSERT IGNORE INTO terrain (id, height, smoothness, width, wireframe, zScale, geometry_id) VALUES 
	(101, 250, 0.1, 175, true, 0, 114);

INSERT IGNORE INTO map (id, cdate, udate, version, description, goldPerTick, goldStart, lives, name, prepareTime, skybox, teamSize, terrain_id, allMaterials_id) VALUES 
	(101, now(), now(), 3, '', 5, 2000, 20, 'Tutorial', 500, 'default', 1, 101, null);

INSERT IGNORE INTO map_materials (Map_id, allMaterials_id) VALUES 
	(101, 107), 
	(101, 108);

INSERT IGNORE INTO geo_material (arrayIndex, mat_id, geo_id) VALUES 
	(0, 107, 114), 
	(1, 108, 114);
	
INSERT IGNORE INTO path (id, name, map_id) VALUES 
	(1, 'Path-1', 101),
	(2, 'Path-2', 101);

INSERT IGNORE INTO `waypoint` (`name`, `position_x`, `position_y`, `position_z`, `sortOder`, `path_id`) VALUES
	('Waypoint 8 - -115 x 1 x 5', -115, 1, 5, 7, 1),
	('Waypoint 7 - -75 x 1 x 5', -75, 1, 5, 6, 1),
	('Waypoint 2 - 65 x 1 x 5', 65, 1, 5, 1, 1),
	('Waypoint 5 - -55 x 1 x 55', -55, 1, 55, 4, 1),
	('Waypoint 6 - -75 x 1 x 35', -75, 1, 35, 5, 1),
	('Waypoint 4 - 45 x 1 x 55', 45, 1, 55, 3, 1),
	('Waypoint 1 - 115 x 1 x 5', 115, 1, 5, 0, 1),
	('Waypoint 3 - 65 x 1 x 35', 65, 1, 35, 2, 1),
	('Waypoint 14 - -75 x 1 x -25', -75, 1, -25, 5, 2),
	('Waypoint 15 - -75 x 1 x 5', -75, 1, 5, 6, 2),
	('Waypoint 11 - 65 x 1 x -25', 65, 1, -25, 2, 2),
	('Waypoint 9 - 115 x 1 x 5', 115, 1, 5, 0, 2),
	('Waypoint 13 - -55 x 1 x -45', -55, 1, -45, 4, 2),
	('Waypoint 12 - 45 x 1 x -45', 45, 1, -45, 3, 2),
	('Waypoint 10 - 65 x 1 x 5', 65, 1, 5, 1, 2),
	('Waypoint 16 - -115 x 1 x 5', -115, 1, 5, 7, 2);

insert into wave (id, name, prepareTime, quantity, waveTime, map_id, path_id, sortOder, autostart, requestable) VALUES 
	(200, 'Wave-1', 5, 12, 12, 101, 1, 0, 'n', 'y');

insert into wave_units (Wave_id, units_id)
(select 200, u.id from unit u where u.name = "Ratamahatta");